tick,year,month,business_id,action,detail
0,2024,1,2,increase_marketing,1.15
0,2024,1,6,increase_marketing,1.15
0,2024,1,7,increase_marketing,1.15
0,2024,1,9,increase_marketing,1.15
0,2024,1,16,increase_marketing,1.15
0,2024,1,18,increase_marketing,1.15
0,2024,1,21,increase_marketing,1.15
0,2024,1,23,increase_marketing,1.15
0,2024,1,31,increase_marketing,1.15
0,2024,1,35,increase_marketing,1.15
0,2024,1,37,increase_marketing,1.15
0,2024,1,39,increase_marketing,1.15
0,2024,1,47,increase_marketing,1.15
0,2024,1,50,increase_marketing,1.15
0,2024,1,52,increase_marketing,1.15
0,2024,1,80,increase_marketing,1.15
0,2024,1,87,increase_marketing,1.15
0,2024,1,92,increase_marketing,1.15
0,2024,1,98,increase_marketing,1.15
0,2024,1,100,increase_marketing,1.15
1,2024,2,2,increase_marketing,1.15
1,2024,2,3,increase_marketing,1.15
1,2024,2,4,increase_marketing,1.15
1,2024,2,5,lower_price,0.97
1,2024,2,9,fire,-1
1,2024,2,10,increase_marketing,1.15
1,2024,2,11,raise_price,1.03
1,2024,2,11,increase_marketing,1.15
1,2024,2,13,increase_marketing,1.15
1,2024,2,20,fire,-1
1,2024,2,21,increase_marketing,1.15
1,2024,2,22,fire,-1
1,2024,2,22,increase_marketing,1.15
1,2024,2,23,increase_marketing,1.15
1,2024,2,25,fire,-1
1,2024,2,25,lower_price,0.97
1,2024,2,28,fire,-1
1,2024,2,29,increase_marketing,1.15
1,2024,2,30,increase_marketing,1.15
1,2024,2,31,fire,-1
1,2024,2,31,increase_marketing,1.15
1,2024,2,33,fire,-1
1,2024,2,35,fire,-1
1,2024,2,35,lower_price,0.97
1,2024,2,38,fire,-1
1,2024,2,39,fire,-1
1,2024,2,39,increase_marketing,1.15
1,2024,2,41,lower_price,0.97
1,2024,2,41,increase_marketing,1.15
1,2024,2,43,fire,-1
1,2024,2,43,lower_price,0.97
1,2024,2,44,fire,-1
1,2024,2,44,increase_marketing,1.15
1,2024,2,45,fire,-1
1,2024,2,45,lower_price,0.97
1,2024,2,45,increase_marketing,1.15
1,2024,2,47,fire,-1
1,2024,2,50,fire,-1
1,2024,2,54,fire,-1
1,2024,2,56,fire,-1
1,2024,2,57,lower_price,0.97
1,2024,2,59,lower_price,0.97
1,2024,2,59,increase_marketing,1.15
1,2024,2,63,lower_price,0.97
1,2024,2,63,increase_marketing,1.15
1,2024,2,65,lower_price,0.97
1,2024,2,65,increase_marketing,1.15
1,2024,2,67,increase_marketing,1.15
1,2024,2,70,fire,-1
1,2024,2,70,increase_marketing,1.15
1,2024,2,71,fire,-1
1,2024,2,72,lower_price,0.97
1,2024,2,73,fire,-1
1,2024,2,74,increase_marketing,1.15
1,2024,2,75,fire,-1
1,2024,2,76,fire,-1
1,2024,2,77,lower_price,0.97
1,2024,2,79,fire,-1
1,2024,2,80,increase_marketing,1.15
1,2024,2,84,fire,-1
1,2024,2,85,fire,-1
1,2024,2,87,fire,-1
1,2024,2,91,lower_price,0.97
1,2024,2,92,fire,-1
1,2024,2,94,increase_marketing,1.15
1,2024,2,96,increase_marketing,1.15
1,2024,2,100,lower_price,0.97
2,2024,3,1,lower_price,0.97
2,2024,3,5,cut_marketing,0.75
2,2024,3,6,fire,-1
2,2024,3,7,lower_price,0.97
2,2024,3,11,increase_marketing,1.15
2,2024,3,20,fire,-1
2,2024,3,22,lower_price,0.97
2,2024,3,23,increase_marketing,1.15
2,2024,3,25,fire,-1
2,2024,3,25,lower_price,0.97
2,2024,3,29,lower_price,0.97
2,2024,3,29,increase_marketing,1.15
2,2024,3,30,cut_marketing,0.75
2,2024,3,31,fire,-1
2,2024,3,32,fire,-1
2,2024,3,32,increase_marketing,1.15
2,2024,3,33,fire,-1
2,2024,3,34,fire,-1
2,2024,3,36,lower_price,0.97
2,2024,3,37,fire,-1
2,2024,3,38,lower_price,0.97
2,2024,3,39,fire,-1
2,2024,3,41,fire,-1
2,2024,3,41,increase_marketing,1.15
2,2024,3,44,fire,-1
2,2024,3,44,increase_marketing,1.15
2,2024,3,45,increase_marketing,1.15
2,2024,3,47,fire,-1
2,2024,3,49,fire,-1
2,2024,3,49,increase_marketing,1.15
2,2024,3,50,increase_marketing,1.15
2,2024,3,51,increase_marketing,1.15
2,2024,3,52,increase_marketing,1.15
2,2024,3,55,fire,-1
2,2024,3,59,fire,-1
2,2024,3,59,lower_price,0.97
2,2024,3,59,increase_marketing,1.15
2,2024,3,60,increase_marketing,1.15
2,2024,3,65,fire,-1
2,2024,3,66,hire,1
2,2024,3,68,fire,-1
2,2024,3,70,fire,-1
2,2024,3,71,increase_marketing,1.15
2,2024,3,72,increase_marketing,1.15
2,2024,3,74,increase_marketing,1.15
2,2024,3,75,fire,-1
2,2024,3,78,lower_price,0.97
2,2024,3,78,increase_marketing,1.15
2,2024,3,81,fire,-1
2,2024,3,82,fire,-1
2,2024,3,83,fire,-1
2,2024,3,83,cut_marketing,0.75
2,2024,3,86,raise_price,1.03
2,2024,3,87,cut_marketing,0.75
2,2024,3,87,take_loan,2098672.99
2,2024,3,90,fire,-1
2,2024,3,91,increase_marketing,1.15
2,2024,3,92,hire,1
2,2024,3,92,raise_price,1.03
2,2024,3,92,increase_marketing,1.15
2,2024,3,94,fire,-1
2,2024,3,94,lower_price,0.97
2,2024,3,95,fire,-1
2,2024,3,95,lower_price,0.97
2,2024,3,96,fire,-1
2,2024,3,96,lower_price,0.97
2,2024,3,97,increase_marketing,1.15
2,2024,3,98,cut_marketing,0.75
3,2024,4,1,increase_marketing,1.15
3,2024,4,2,lower_price,0.97
3,2024,4,6,fire,-1
3,2024,4,6,increase_marketing,1.15
3,2024,4,8,take_loan,748667.22
3,2024,4,12,increase_marketing,1.15
3,2024,4,14,fire,-1
3,2024,4,15,increase_marketing,1.15
3,2024,4,17,increase_marketing,1.15
3,2024,4,18,fire,-1
3,2024,4,19,fire,-1
3,2024,4,20,fire,-1
3,2024,4,22,cut_marketing,0.75
3,2024,4,22,take_loan,722222.58
3,2024,4,27,fire,-1
3,2024,4,31,lower_price,0.97
3,2024,4,32,increase_marketing,1.15
3,2024,4,33,fire,-1
3,2024,4,34,increase_marketing,1.15
3,2024,4,40,fire,-1
3,2024,4,40,cut_marketing,0.75
3,2024,4,44,lower_price,0.97
3,2024,4,45,increase_marketing,1.15
3,2024,4,47,fire,-1
3,2024,4,47,cut_marketing,0.75
3,2024,4,48,increase_marketing,1.15
3,2024,4,49,increase_marketing,1.15
3,2024,4,50,fire,-1
3,2024,4,54,lower_price,0.97
3,2024,4,54,increase_marketing,1.15
3,2024,4,64,raise_price,1.03
3,2024,4,67,increase_marketing,1.15
3,2024,4,75,fire,-1
3,2024,4,77,increase_marketing,1.15
3,2024,4,79,fire,-1
3,2024,4,81,lower_price,0.97
3,2024,4,84,fire,-1
3,2024,4,96,fire,-1
3,2024,4,96,increase_marketing,1.15
3,2024,4,98,cut_marketing,0.75
3,2024,4,100,fire,-1
3,2024,4,100,take_loan,688098.11
4,2024,5,4,increase_marketing,1.15
4,2024,5,10,lower_price,0.97
4,2024,5,12,hire,1
4,2024,5,12,increase_marketing,1.15
4,2024,5,13,hire,1
4,2024,5,17,fire,-1
4,2024,5,17,lower_price,0.97
4,2024,5,18,fire,-1
4,2024,5,19,increase_marketing,1.15
4,2024,5,23,raise_price,1.03
4,2024,5,27,increase_marketing,1.15
4,2024,5,29,cut_marketing,0.75
4,2024,5,31,lower_price,0.97
4,2024,5,32,increase_marketing,1.15
4,2024,5,33,fire,-1
4,2024,5,34,lower_price,0.97
4,2024,5,36,lower_price,0.97
4,2024,5,37,increase_marketing,1.15
4,2024,5,38,take_loan,795339.73
4,2024,5,39,fire,-1
4,2024,5,40,lower_price,0.97
4,2024,5,50,take_loan,734291.01
4,2024,5,51,lower_price,0.97
4,2024,5,51,take_loan,739100.38
4,2024,5,52,increase_marketing,1.15
4,2024,5,53,increase_marketing,1.15
4,2024,5,54,fire,-1
4,2024,5,57,hire,1
4,2024,5,58,hire,1
4,2024,5,58,increase_marketing,1.15
4,2024,5,64,raise_price,1.03
4,2024,5,69,hire,1
4,2024,5,69,increase_marketing,1.15
4,2024,5,71,hire,1
4,2024,5,71,increase_marketing,1.15
4,2024,5,73,hire,1
4,2024,5,74,fire,-1
4,2024,5,74,lower_price,0.97
4,2024,5,75,fire,-1
4,2024,5,77,hire,1
4,2024,5,78,fire,-1
4,2024,5,81,lower_price,0.97
4,2024,5,81,take_loan,1338855.93
4,2024,5,86,increase_marketing,1.15
4,2024,5,88,hire,1
4,2024,5,91,lower_price,0.97
4,2024,5,91,take_loan,503779.51
4,2024,5,94,fire,-1
4,2024,5,94,take_loan,2273280.23
4,2024,5,96,hire,1
4,2024,5,96,increase_marketing,1.15
5,2024,6,1,increase_marketing,1.15
5,2024,6,2,hire,1
5,2024,6,6,lower_price,0.97
5,2024,6,6,take_loan,2234640.05
5,2024,6,7,hire,1
5,2024,6,10,fire,-1
5,2024,6,10,cut_marketing,0.75
5,2024,6,12,hire,1
5,2024,6,13,increase_marketing,1.15
5,2024,6,15,increase_marketing,1.15
5,2024,6,17,fire,-1
5,2024,6,17,increase_marketing,1.15
5,2024,6,20,fire,-1
5,2024,6,20,increase_marketing,1.15
5,2024,6,21,increase_marketing,1.15
5,2024,6,28,hire,1
5,2024,6,29,take_loan,1195610.14
5,2024,6,33,cut_marketing,0.75
5,2024,6,33,take_loan,1072097.35
5,2024,6,34,fire,-1
5,2024,6,36,fire,-1
5,2024,6,37,fire,-1
5,2024,6,37,increase_marketing,1.15
5,2024,6,39,fire,-1
5,2024,6,39,lower_price,0.97
5,2024,6,42,increase_marketing,1.15
5,2024,6,46,hire,1
5,2024,6,48,increase_marketing,1.15
5,2024,6,51,lower_price,0.97
5,2024,6,52,raise_price,1.03
5,2024,6,53,hire,1
5,2024,6,55,lower_price,0.97
5,2024,6,55,take_loan,1055285.66
5,2024,6,57,increase_marketing,1.15
5,2024,6,63,hire,1
5,2024,6,66,lower_price,0.97
5,2024,6,69,increase_marketing,1.15
5,2024,6,73,increase_marketing,1.15
5,2024,6,74,increase_marketing,1.15
5,2024,6,77,fire,-1
5,2024,6,78,cut_marketing,0.75
5,2024,6,78,take_loan,987191.37
5,2024,6,82,lower_price,0.97
5,2024,6,82,take_loan,357187.91
5,2024,6,84,fire,-1
5,2024,6,89,hire,1
5,2024,6,92,fire,-1
5,2024,6,95,take_loan,731235.1
5,2024,6,100,fire,-1
5,2024,6,100,take_loan,1052257.85
6,2024,7,1,increase_marketing,1.15
6,2024,7,4,hire,1
6,2024,7,6,fire,-1
6,2024,7,12,increase_marketing,1.15
6,2024,7,14,fire,-1
6,2024,7,14,lower_price,0.97
6,2024,7,17,increase_marketing,1.15
6,2024,7,19,hire,1
6,2024,7,19,increase_marketing,1.15
6,2024,7,23,increase_marketing,1.15
6,2024,7,26,hire,1
6,2024,7,28,hire,1
6,2024,7,28,increase_marketing,1.15
6,2024,7,29,cut_marketing,0.75
6,2024,7,40,fire,-1
6,2024,7,40,cut_marketing,0.75
6,2024,7,42,hire,1
6,2024,7,45,hire,1
6,2024,7,46,increase_marketing,1.15
6,2024,7,49,hire,1
6,2024,7,52,hire,1
6,2024,7,55,fire,-1
6,2024,7,55,lower_price,0.97
6,2024,7,56,hire,1
6,2024,7,60,increase_marketing,1.15
6,2024,7,63,hire,1
6,2024,7,63,increase_marketing,1.15
6,2024,7,64,increase_marketing,1.15
6,2024,7,65,increase_marketing,1.15
6,2024,7,67,hire,1
6,2024,7,67,increase_marketing,1.15
6,2024,7,77,hire,1
6,2024,7,77,increase_marketing,1.15
6,2024,7,78,fire,-1
6,2024,7,78,take_loan,753624.99
6,2024,7,84,fire,-1
6,2024,7,84,lower_price,0.97
6,2024,7,84,cut_marketing,0.75
6,2024,7,86,raise_price,1.03
6,2024,7,89,increase_marketing,1.15
6,2024,7,92,fire,-1
6,2024,7,92,increase_marketing,1.15
6,2024,7,94,cut_marketing,0.75
6,2024,7,97,hire,1
7,2024,8,11,hire,1
7,2024,8,14,fire,-1
7,2024,8,17,lower_price,0.97
7,2024,8,26,lower_price,0.97
7,2024,8,29,cut_marketing,0.75
7,2024,8,29,take_loan,1279331.23
7,2024,8,31,increase_marketing,1.15
7,2024,8,32,fire,-1
7,2024,8,34,lower_price,0.97
7,2024,8,36,fire,-1
7,2024,8,36,lower_price,0.97
7,2024,8,36,increase_marketing,1.15
7,2024,8,42,hire,1
7,2024,8,46,hire,1
7,2024,8,49,increase_marketing,1.15
7,2024,8,55,take_loan,562393.32
7,2024,8,56,increase_marketing,1.15
7,2024,8,60,fire,-1
7,2024,8,63,fire,-1
7,2024,8,63,increase_marketing,1.15
7,2024,8,64,raise_price,1.03
7,2024,8,65,hire,1
7,2024,8,66,increase_marketing,1.15
7,2024,8,73,lower_price,0.97
7,2024,8,74,cut_marketing,0.75
7,2024,8,75,fire,-1
7,2024,8,75,increase_marketing,1.15
7,2024,8,78,lower_price,0.97
7,2024,8,86,increase_marketing,1.15
7,2024,8,92,fire,-1
7,2024,8,93,hire,1
8,2024,9,2,fire,-1
8,2024,9,6,cut_marketing,0.75
8,2024,9,6,take_loan,1207706.79
8,2024,9,7,fire,-1
8,2024,9,7,increase_marketing,1.15
8,2024,9,13,hire,1
8,2024,9,14,take_loan,785685.89
8,2024,9,15,hire,1
8,2024,9,17,lower_price,0.97
8,2024,9,19,lower_price,0.97
8,2024,9,20,increase_marketing,1.15
8,2024,9,21,lower_price,0.97
8,2024,9,21,take_loan,1401328.33
8,2024,9,26,lower_price,0.97
8,2024,9,26,increase_marketing,1.15
8,2024,9,27,increase_marketing,1.15
8,2024,9,34,fire,-1
8,2024,9,36,lower_price,0.97
8,2024,9,36,increase_marketing,1.15
8,2024,9,42,hire,1
8,2024,9,42,increase_marketing,1.15
8,2024,9,44,lower_price,0.97
8,2024,9,44,increase_marketing,1.15
8,2024,9,46,increase_marketing,1.15
8,2024,9,52,raise_price,1.03
8,2024,9,52,increase_marketing,1.15
8,2024,9,56,increase_marketing,1.15
8,2024,9,59,fire,-1
8,2024,9,59,increase_marketing,1.15
8,2024,9,60,fire,-1
8,2024,9,65,increase_marketing,1.15
8,2024,9,66,take_loan,503951.1
8,2024,9,69,increase_marketing,1.15
8,2024,9,73,increase_marketing,1.15
8,2024,9,75,cut_marketing,0.75
8,2024,9,77,increase_marketing,1.15
8,2024,9,80,increase_marketing,1.15
8,2024,9,89,hire,1
8,2024,9,96,hire,1
8,2024,9,97,increase_marketing,1.15
8,2024,9,100,lower_price,0.97
8,2024,9,100,cut_marketing,0.75
9,2024,10,4,increase_marketing,1.15
9,2024,10,7,lower_price,0.97
9,2024,10,7,increase_marketing,1.15
9,2024,10,12,lower_price,0.97
9,2024,10,12,increase_marketing,1.15
9,2024,10,13,increase_marketing,1.15
9,2024,10,15,increase_marketing,1.15
9,2024,10,16,hire,1
9,2024,10,17,fire,-1
9,2024,10,19,hire,1
9,2024,10,21,lower_price,0.97
9,2024,10,26,lower_price,0.97
9,2024,10,27,lower_price,0.97
9,2024,10,32,fire,-1
9,2024,10,32,lower_price,0.97
9,2024,10,34,fire,-1
9,2024,10,34,cut_marketing,0.75
9,2024,10,34,take_loan,1456195.8
9,2024,10,37,hire,1
9,2024,10,41,increase_marketing,1.15
9,2024,10,44,fire,-1
9,2024,10,46,hire,1
9,2024,10,46,increase_marketing,1.15
9,2024,10,48,increase_marketing,1.15
9,2024,10,49,increase_marketing,1.15
9,2024,10,52,increase_marketing,1.15
9,2024,10,53,hire,1
9,2024,10,55,take_loan,873281.76
9,2024,10,56,increase_marketing,1.15
9,2024,10,61,lower_price,0.97
9,2024,10,63,cut_marketing,0.75
9,2024,10,64,increase_marketing,1.15
9,2024,10,65,increase_marketing,1.15
9,2024,10,75,take_loan,971189.73
9,2024,10,89,raise_price,1.03
10,2024,11,1,increase_marketing,1.15
10,2024,11,2,fire,-1
10,2024,11,2,lower_price,0.97
10,2024,11,6,take_loan,2109150.37
10,2024,11,11,hire,1
10,2024,11,12,increase_marketing,1.15
10,2024,11,16,increase_marketing,1.15
10,2024,11,19,fire,-1
10,2024,11,20,fire,-1
10,2024,11,25,increase_marketing,1.15
10,2024,11,26,lower_price,0.97
10,2024,11,34,fire,-1
10,2024,11,36,cut_marketing,0.75
10,2024,11,36,take_loan,1110310.04
10,2024,11,41,increase_marketing,1.15
10,2024,11,42,increase_marketing,1.15
10,2024,11,44,lower_price,0.97
10,2024,11,49,fire,-1
10,2024,11,55,cut_marketing,0.75
10,2024,11,57,hire,1
10,2024,11,60,lower_price,0.97
10,2024,11,60,cut_marketing,0.75
10,2024,11,63,take_loan,820026.48
10,2024,11,64,raise_price,1.03
10,2024,11,67,raise_price,1.03
10,2024,11,73,hire,1
10,2024,11,73,increase_marketing,1.15
10,2024,11,75,take_loan,478978.82
10,2024,11,80,increase_marketing,1.15
10,2024,11,89,raise_price,1.03
10,2024,11,92,increase_marketing,1.15
10,2024,11,93,fire,-1
10,2024,11,93,increase_marketing,1.15
10,2024,11,96,increase_marketing,1.15
11,2024,12,1,increase_marketing,1.15
11,2024,12,6,fire,-1
11,2024,12,6,take_loan,1603509.19
11,2024,12,11,hire,1
11,2024,12,12,increase_marketing,1.15
11,2024,12,16,lower_price,0.97
11,2024,12,19,lower_price,0.97
11,2024,12,21,take_loan,2310230.76
11,2024,12,23,hire,1
11,2024,12,25,fire,-1
11,2024,12,25,increase_marketing,1.15
11,2024,12,26,fire,-1
11,2024,12,26,lower_price,0.97
11,2024,12,28,fire,-1
11,2024,12,28,increase_marketing,1.15
11,2024,12,31,lower_price,0.97
11,2024,12,34,lower_price,0.97
11,2024,12,37,fire,-1
11,2024,12,49,lower_price,0.97
11,2024,12,52,hire,1
11,2024,12,57,fire,-1
11,2024,12,57,increase_marketing,1.15
11,2024,12,59,fire,-1
11,2024,12,61,fire,-1
11,2024,12,63,cut_marketing,0.75
11,2024,12,71,fire,-1
11,2024,12,75,lower_price,0.97
11,2024,12,75,cut_marketing,0.75
11,2024,12,77,fire,-1
11,2024,12,86,hire,1
11,2024,12,96,fire,-1
11,2024,12,97,fire,-1
12,2025,1,1,lower_price,0.97
12,2025,1,1,increase_marketing,1.15
12,2025,1,4,hire,1
12,2025,1,6,lower_price,0.97
12,2025,1,6,take_loan,2410190.11
12,2025,1,7,fire,-1
12,2025,1,12,fire,-1
12,2025,1,13,lower_price,0.97
12,2025,1,13,increase_marketing,1.15
12,2025,1,15,hire,1
12,2025,1,28,increase_marketing,1.15
12,2025,1,31,fire,-1
12,2025,1,31,cut_marketing,0.75
12,2025,1,31,take_loan,714497.82
12,2025,1,42,hire,1
12,2025,1,44,fire,-1
12,2025,1,46,increase_marketing,1.15
12,2025,1,48,hire,1
12,2025,1,57,hire,1
12,2025,1,58,hire,1
12,2025,1,59,lower_price,0.97
12,2025,1,59,take_loan,530443.72
12,2025,1,61,fire,-1
12,2025,1,67,hire,1
12,2025,1,69,fire,-1
12,2025,1,75,fire,-1
12,2025,1,96,lower_price,0.97
12,2025,1,97,fire,-1
12,2025,1,97,lower_price,0.97
13,2025,2,7,fire,-1
13,2025,2,7,increase_marketing,1.15
13,2025,2,12,lower_price,0.97
13,2025,2,12,increase_marketing,1.15
13,2025,2,16,fire,-1
13,2025,2,19,fire,-1
13,2025,2,19,lower_price,0.97
13,2025,2,19,increase_marketing,1.15
13,2025,2,20,fire,-1
13,2025,2,20,cut_marketing,0.75
13,2025,2,20,take_loan,838402.62
13,2025,2,21,fire,-1
13,2025,2,21,cut_marketing,0.75
13,2025,2,25,fire,-1
13,2025,2,25,lower_price,0.97
13,2025,2,26,increase_marketing,1.15
13,2025,2,27,lower_price,0.97
13,2025,2,27,increase_marketing,1.15
13,2025,2,31,fire,-1
13,2025,2,31,lower_price,0.97
13,2025,2,32,cut_marketing,0.75
13,2025,2,36,cut_marketing,0.75
13,2025,2,41,hire,1
13,2025,2,42,hire,1
13,2025,2,45,lower_price,0.97
13,2025,2,56,fire,-1
13,2025,2,58,hire,1
13,2025,2,59,lower_price,0.97
13,2025,2,59,cut_marketing,0.75
13,2025,2,61,fire,-1
13,2025,2,67,lower_price,0.97
13,2025,2,71,lower_price,0.97
13,2025,2,71,take_loan,756632.6
13,2025,2,73,increase_marketing,1.15
13,2025,2,77,increase_marketing,1.15
13,2025,2,80,hire,1
13,2025,2,86,increase_marketing,1.15
13,2025,2,96,fire,-1
13,2025,2,96,lower_price,0.97
13,2025,2,96,increase_marketing,1.15
13,2025,2,97,fire,-1
13,2025,2,97,lower_price,0.97
14,2025,3,1,lower_price,0.97
14,2025,3,1,take_loan,1004169.96
14,2025,3,7,fire,-1
14,2025,3,7,lower_price,0.97
14,2025,3,15,increase_marketing,1.15
14,2025,3,16,fire,-1
14,2025,3,19,fire,-1
14,2025,3,21,take_loan,2089446.67
14,2025,3,23,fire,-1
14,2025,3,25,lower_price,0.97
14,2025,3,32,cut_marketing,0.75
14,2025,3,32,take_loan,937754.14
14,2025,3,37,lower_price,0.97
14,2025,3,37,increase_marketing,1.15
14,2025,3,41,increase_marketing,1.15
14,2025,3,42,increase_marketing,1.15
14,2025,3,45,increase_marketing,1.15
14,2025,3,46,fire,-1
14,2025,3,49,increase_marketing,1.15
14,2025,3,52,hire,1
14,2025,3,53,fire,-1
14,2025,3,57,fire,-1
14,2025,3,61,take_loan,635693.38
14,2025,3,65,fire,-1
14,2025,3,69,fire,-1
14,2025,3,71,cut_marketing,0.75
14,2025,3,73,hire,1
14,2025,3,96,lower_price,0.97
14,2025,3,97,increase_marketing,1.15
15,2025,4,7,lower_price,0.97
15,2025,4,11,increase_marketing,1.15
15,2025,4,13,lower_price,0.97
15,2025,4,15,lower_price,0.97
15,2025,4,16,fire,-1
15,2025,4,19,increase_marketing,1.15
15,2025,4,20,lower_price,0.97
15,2025,4,21,fire,-1
15,2025,4,26,lower_price,0.97
15,2025,4,27,fire,-1
15,2025,4,27,take_loan,1074664.12
15,2025,4,32,fire,-1
15,2025,4,32,lower_price,0.97
15,2025,4,48,increase_marketing,1.15
15,2025,4,52,fire,-1
15,2025,4,52,increase_marketing,1.15
15,2025,4,53,fire,-1
15,2025,4,53,lower_price,0.97
15,2025,4,56,lower_price,0.97
15,2025,4,57,fire,-1
15,2025,4,57,increase_marketing,1.15
15,2025,4,58,increase_marketing,1.15
15,2025,4,61,fire,-1
15,2025,4,61,cut_marketing,0.75
15,2025,4,69,cut_marketing,0.75
15,2025,4,69,take_loan,2531088.91
15,2025,4,88,fire,-1
15,2025,4,88,increase_marketing,1.15
15,2025,4,97,fire,-1
16,2025,5,1,take_loan,787886.01
16,2025,5,7,fire,-1
16,2025,5,7,cut_marketing,0.75
16,2025,5,7,take_loan,1995929.62
16,2025,5,13,fire,-1
16,2025,5,15,fire,-1
16,2025,5,16,fire,-1
16,2025,5,25,lower_price,0.97
16,2025,5,37,lower_price,0.97
16,2025,5,42,lower_price,0.97
16,2025,5,45,fire,-1
16,2025,5,45,increase_marketing,1.15
16,2025,5,49,fire,-1
16,2025,5,53,fire,-1
16,2025,5,56,lower_price,0.97
16,2025,5,56,increase_marketing,1.15
16,2025,5,61,take_loan,1006012.57
16,2025,5,64,increase_marketing,1.15
16,2025,5,65,increase_marketing,1.15
16,2025,5,67,increase_marketing,1.15
16,2025,5,69,fire,-1
16,2025,5,69,cut_marketing,0.75
16,2025,5,96,lower_price,0.97
17,2025,6,1,fire,-1
17,2025,6,1,lower_price,0.97
17,2025,6,13,fire,-1
17,2025,6,13,increase_marketing,1.15
17,2025,6,32,fire,-1
17,2025,6,37,fire,-1
17,2025,6,41,fire,-1
17,2025,6,53,increase_marketing,1.15
17,2025,6,56,fire,-1
17,2025,6,56,lower_price,0.97
17,2025,6,61,increase_marketing,1.15
17,2025,6,64,raise_price,1.03
17,2025,6,64,increase_marketing,1.15
17,2025,6,67,increase_marketing,1.15
17,2025,6,69,cut_marketing,0.75
17,2025,6,69,take_loan,2370047.99
17,2025,6,73,increase_marketing,1.15
17,2025,6,77,lower_price,0.97
17,2025,6,92,cut_marketing,0.75
17,2025,6,97,fire,-1
18,2025,7,1,lower_price,0.97
18,2025,7,7,lower_price,0.97
18,2025,7,15,fire,-1
18,2025,7,15,lower_price,0.97
18,2025,7,23,increase_marketing,1.15
18,2025,7,32,lower_price,0.97
18,2025,7,37,fire,-1
18,2025,7,42,fire,-1
18,2025,7,45,lower_price,0.97
18,2025,7,53,fire,-1
18,2025,7,53,increase_marketing,1.15
18,2025,7,57,increase_marketing,1.15
18,2025,7,61,fire,-1
18,2025,7,65,increase_marketing,1.15
18,2025,7,69,cut_marketing,0.75
18,2025,7,73,increase_marketing,1.15
18,2025,7,88,fire,-1
18,2025,7,92,take_loan,828184.06
18,2025,7,93,fire,-1
19,2025,8,7,fire,-1
19,2025,8,7,lower_price,0.97
19,2025,8,7,cut_marketing,0.75
19,2025,8,7,take_loan,2114021.22
19,2025,8,11,increase_marketing,1.15
19,2025,8,12,hire,1
19,2025,8,19,fire,-1
19,2025,8,26,take_loan,485094.39
19,2025,8,27,cut_marketing,0.75
19,2025,8,45,increase_marketing,1.15
19,2025,8,46,increase_marketing,1.15
19,2025,8,53,lower_price,0.97
19,2025,8,53,increase_marketing,1.15
19,2025,8,57,raise_price,1.03
19,2025,8,58,increase_marketing,1.15
19,2025,8,67,lower_price,0.97
19,2025,8,69,lower_price,0.97
19,2025,8,69,cut_marketing,0.75
19,2025,8,77,lower_price,0.97
19,2025,8,88,fire,-1
19,2025,8,92,fire,-1
19,2025,8,92,cut_marketing,0.75
19,2025,8,97,cut_marketing,0.75
20,2025,9,1,cut_marketing,0.75
20,2025,9,11,increase_marketing,1.15
20,2025,9,13,lower_price,0.97
20,2025,9,15,fire,-1
20,2025,9,19,fire,-1
20,2025,9,23,fire,-1
20,2025,9,27,cut_marketing,0.75
20,2025,9,27,take_loan,1128789.37
20,2025,9,45,hire,1
20,2025,9,53,lower_price,0.97
20,2025,9,56,increase_marketing,1.15
20,2025,9,58,increase_marketing,1.15
20,2025,9,61,cut_marketing,0.75
20,2025,9,67,fire,-1
20,2025,9,67,increase_marketing,1.15
20,2025,9,92,take_loan,574804.92
20,2025,9,93,increase_marketing,1.15
20,2025,9,97,fire,-1
20,2025,9,97,lower_price,0.97
21,2025,10,7,fire,-1
21,2025,10,7,lower_price,0.97
21,2025,10,15,lower_price,0.97
21,2025,10,25,lower_price,0.97
21,2025,10,26,lower_price,0.97
21,2025,10,26,take_loan,1145177.59
21,2025,10,27,lower_price,0.97
21,2025,10,42,fire,-1
21,2025,10,48,increase_marketing,1.15
21,2025,10,49,hire,1
21,2025,10,53,fire,-1
21,2025,10,61,lower_price,0.97
21,2025,10,61,take_loan,823772.24
21,2025,10,64,hire,1
21,2025,10,64,buy_equipment,300000
21,2025,10,67,fire,-1
22,2025,11,7,lower_price,0.97
22,2025,11,7,cut_marketing,0.75
22,2025,11,19,take_loan,731210.78
22,2025,11,27,cut_marketing,0.75
22,2025,11,37,fire,-1
22,2025,11,41,increase_marketing,1.15
22,2025,11,49,increase_marketing,1.15
22,2025,11,53,lower_price,0.97
22,2025,11,67,fire,-1
22,2025,11,67,lower_price,0.97
22,2025,11,77,lower_price,0.97
22,2025,11,77,cut_marketing,0.75
22,2025,11,77,take_loan,855419.72
22,2025,11,88,take_loan,741106.73
22,2025,11,93,increase_marketing,1.15
23,2025,12,7,cut_marketing,0.75
23,2025,12,11,fire,-1
23,2025,12,13,fire,-1
23,2025,12,19,cut_marketing,0.75
23,2025,12,25,lower_price,0.97
23,2025,12,25,cut_marketing,0.75
23,2025,12,27,take_loan,1011829.23
23,2025,12,45,hire,1
23,2025,12,46,raise_price,1.03
23,2025,12,53,fire,-1
23,2025,12,57,raise_price,1.03
23,2025,12,58,increase_marketing,1.15
23,2025,12,61,fire,-1
23,2025,12,64,hire,1
23,2025,12,88,lower_price,0.97
24,2026,1,7,fire,-1
24,2026,1,7,lower_price,0.97
24,2026,1,7,cut_marketing,0.75
24,2026,1,11,lower_price,0.97
24,2026,1,23,increase_marketing,1.15
24,2026,1,25,lower_price,0.97
24,2026,1,26,increase_marketing,1.15
24,2026,1,28,hire,1
24,2026,1,41,hire,1
24,2026,1,41,increase_marketing,1.15
24,2026,1,46,hire,1
24,2026,1,48,increase_marketing,1.15
24,2026,1,53,fire,-1
24,2026,1,53,lower_price,0.97
24,2026,1,57,hire,1
24,2026,1,57,raise_price,1.03
24,2026,1,61,lower_price,0.97
24,2026,1,64,hire,1
24,2026,1,73,hire,1
24,2026,1,73,increase_marketing,1.15
24,2026,1,73,buy_equipment,300000
24,2026,1,80,expand_capacity,1.15
24,2026,1,86,hire,1
24,2026,1,88,fire,-1
25,2026,2,7,fire,-1
25,2026,2,11,fire,-1
25,2026,2,12,lower_price,0.97
25,2026,2,15,lower_price,0.97
25,2026,2,19,fire,-1
25,2026,2,19,cut_marketing,0.75
25,2026,2,19,take_loan,1017367.67
25,2026,2,23,fire,-1
25,2026,2,25,cut_marketing,0.75
25,2026,2,25,take_loan,718223
25,2026,2,27,lower_price,0.97
25,2026,2,28,expand_capacity,1.15
25,2026,2,42,fire,-1
25,2026,2,42,lower_price,0.97
25,2026,2,52,buy_equipment,300000
25,2026,2,53,lower_price,0.97
25,2026,2,53,increase_marketing,1.15
25,2026,2,58,increase_marketing,1.15
25,2026,2,67,increase_marketing,1.15
25,2026,2,77,increase_marketing,1.15
25,2026,2,80,hire,1
25,2026,2,88,cut_marketing,0.75
26,2026,3,11,fire,-1
26,2026,3,11,lower_price,0.97
26,2026,3,27,lower_price,0.97
26,2026,3,42,lower_price,0.97
26,2026,3,46,hire,1
26,2026,3,52,hire,1
26,2026,3,58,expand_capacity,1.15
26,2026,3,88,fire,-1
26,2026,3,88,take_loan,1299291.56
26,2026,3,89,raise_price,1.03
26,2026,3,93,increase_marketing,1.15
27,2026,4,23,increase_marketing,1.15
27,2026,4,26,increase_marketing,1.15
27,2026,4,27,lower_price,0.97
27,2026,4,28,increase_marketing,1.15
27,2026,4,37,lower_price,0.97
27,2026,4,37,increase_marketing,1.15
27,2026,4,41,expand_capacity,1.15
27,2026,4,42,lower_price,0.97
27,2026,4,48,increase_marketing,1.15
27,2026,4,48,buy_equipment,300000
27,2026,4,53,fire,-1
27,2026,4,53,lower_price,0.97
27,2026,4,58,hire,1
27,2026,4,58,buy_equipment,300000
27,2026,4,73,hire,1
27,2026,4,77,increase_marketing,1.15
27,2026,4,89,raise_price,1.03
27,2026,4,89,increase_marketing,1.15
27,2026,4,93,hire,1
27,2026,4,93,increase_marketing,1.15
27,2026,4,93,buy_equipment,300000
28,2026,5,12,fire,-1
28,2026,5,15,increase_marketing,1.15
28,2026,5,19,fire,-1
28,2026,5,25,lower_price,0.97
28,2026,5,28,hire,1
28,2026,5,28,expand_capacity,1.15
28,2026,5,41,hire,1
28,2026,5,46,expand_capacity,1.15
28,2026,5,53,lower_price,0.97
28,2026,5,56,hire,1
28,2026,5,56,increase_marketing,1.15
28,2026,5,57,increase_marketing,1.15
28,2026,5,64,fire,-1
28,2026,5,65,increase_marketing,1.15
28,2026,5,67,raise_price,1.03
28,2026,5,73,hire,1
28,2026,5,77,increase_marketing,1.15
28,2026,5,80,increase_marketing,1.15
28,2026,5,89,increase_marketing,1.15
28,2026,5,93,raise_price,1.03
29,2026,6,4,hire,1
29,2026,6,4,buy_equipment,300000
29,2026,6,7,cut_marketing,0.75
29,2026,6,11,fire,-1
29,2026,6,25,lower_price,0.97
29,2026,6,26,increase_marketing,1.15
29,2026,6,41,hire,1
29,2026,6,49,increase_marketing,1.15
29,2026,6,52,increase_marketing,1.15
29,2026,6,64,fire,-1
29,2026,6,67,raise_price,1.03
29,2026,6,73,fire,-1
29,2026,6,80,expand_capacity,1.15
29,2026,6,93,hire,1
30,2026,7,7,cut_marketing,0.75
30,2026,7,7,take_loan,1825836.2
30,2026,7,11,increase_marketing,1.15
30,2026,7,12,fire,-1
30,2026,7,12,increase_marketing,1.15
30,2026,7,13,lower_price,0.97
30,2026,7,13,increase_marketing,1.15
30,2026,7,25,take_loan,1165585.84
30,2026,7,37,increase_marketing,1.15
30,2026,7,42,lower_price,0.97
30,2026,7,45,increase_marketing,1.15
30,2026,7,46,hire,1
30,2026,7,57,increase_marketing,1.15
30,2026,7,58,expand_capacity,1.15
30,2026,7,65,fire,-1
30,2026,7,65,lower_price,0.97
30,2026,7,73,fire,-1
30,2026,7,77,lower_price,0.97
30,2026,7,77,increase_marketing,1.15
30,2026,7,80,hire,1
30,2026,7,86,hire,1
30,2026,7,88,take_loan,995058.35
30,2026,7,89,raise_price,1.03
30,2026,7,93,hire,1
31,2026,8,12,lower_price,0.97
31,2026,8,12,increase_marketing,1.15
31,2026,8,15,fire,-1
31,2026,8,15,lower_price,0.97
31,2026,8,23,lower_price,0.97
31,2026,8,28,buy_equipment,300000
31,2026,8,42,fire,-1
31,2026,8,46,hire,1
31,2026,8,49,increase_marketing,1.15
31,2026,8,53,increase_marketing,1.15
31,2026,8,61,lower_price,0.97
31,2026,8,61,cut_marketing,0.75
31,2026,8,65,increase_marketing,1.15
31,2026,8,89,raise_price,1.03
32,2026,9,4,increase_marketing,1.15
32,2026,9,11,fire,-1
32,2026,9,13,cut_marketing,0.75
32,2026,9,13,take_loan,434677.12
32,2026,9,15,lower_price,0.97
32,2026,9,23,lower_price,0.97
32,2026,9,37,lower_price,0.97
32,2026,9,37,increase_marketing,1.15
32,2026,9,41,fire,-1
32,2026,9,41,increase_marketing,1.15
32,2026,9,45,lower_price,0.97
32,2026,9,45,increase_marketing,1.15
32,2026,9,46,buy_equipment,300000
32,2026,9,48,hire,1
32,2026,9,48,increase_marketing,1.15
32,2026,9,56,hire,1
32,2026,9,58,hire,1
32,2026,9,58,buy_equipment,300000
32,2026,9,61,lower_price,0.97
32,2026,9,64,fire,-1
32,2026,9,64,lower_price,0.97
32,2026,9,65,fire,-1
32,2026,9,80,expand_capacity,1.15
32,2026,9,88,take_loan,1500325.45
32,2026,9,89,hire,1
32,2026,9,93,fire,-1
32,2026,9,93,lower_price,0.97
33,2026,10,4,increase_marketing,1.15
33,2026,10,4,buy_equipment,300000
33,2026,10,7,cut_marketing,0.75
33,2026,10,7,take_loan,1628435.54
33,2026,10,11,lower_price,0.97
33,2026,10,13,take_loan,415780.45
33,2026,10,16,lower_price,0.97
33,2026,10,23,fire,-1
33,2026,10,26,cut_marketing,0.75
33,2026,10,37,increase_marketing,1.15
33,2026,10,41,lower_price,0.97
33,2026,10,42,lower_price,0.97
33,2026,10,42,increase_marketing,1.15
33,2026,10,45,fire,-1
33,2026,10,45,lower_price,0.97
33,2026,10,46,fire,-1
33,2026,10,48,hire,1
33,2026,10,49,increase_marketing,1.15
33,2026,10,52,hire,1
33,2026,10,56,increase_marketing,1.15
33,2026,10,57,lower_price,0.97
33,2026,10,57,increase_marketing,1.15
33,2026,10,64,increase_marketing,1.15
33,2026,10,65,lower_price,0.97
33,2026,10,67,lower_price,0.97
33,2026,10,73,lower_price,0.97
33,2026,10,77,increase_marketing,1.15
33,2026,10,80,hire,1
33,2026,10,89,raise_price,1.03
34,2026,11,11,increase_marketing,1.15
34,2026,11,12,lower_price,0.97
34,2026,11,12,increase_marketing,1.15
34,2026,11,13,fire,-1
34,2026,11,13,lower_price,0.97
34,2026,11,15,fire,-1
34,2026,11,16,lower_price,0.97
34,2026,11,26,cut_marketing,0.75
34,2026,11,45,fire,-1
34,2026,11,45,lower_price,0.97
34,2026,11,45,increase_marketing,1.15
34,2026,11,46,raise_price,1.03
34,2026,11,48,hire,1
34,2026,11,48,increase_marketing,1.15
34,2026,11,52,buy_equipment,300000
34,2026,11,53,lower_price,0.97
34,2026,11,56,fire,-1
34,2026,11,56,increase_marketing,1.15
34,2026,11,56,buy_equipment,300000
34,2026,11,58,hire,1
34,2026,11,58,increase_marketing,1.15
34,2026,11,64,fire,-1
34,2026,11,80,hire,1
34,2026,11,86,increase_marketing,1.15
34,2026,11,89,buy_equipment,300000
34,2026,11,93,lower_price,0.97
35,2026,12,4,hire,1
35,2026,12,4,increase_marketing,1.15
35,2026,12,7,cut_marketing,0.75
35,2026,12,19,hire,1
35,2026,12,23,fire,-1
35,2026,12,25,cut_marketing,0.75
35,2026,12,41,fire,-1
35,2026,12,42,fire,-1
35,2026,12,48,hire,1
35,2026,12,56,hire,1
35,2026,12,58,hire,1
35,2026,12,58,increase_marketing,1.15
35,2026,12,58,expand_capacity,1.15
35,2026,12,61,lower_price,0.97
35,2026,12,61,cut_marketing,0.75
35,2026,12,61,take_loan,887770.84
35,2026,12,64,increase_marketing,1.15
35,2026,12,73,lower_price,0.97
35,2026,12,77,lower_price,0.97
35,2026,12,77,cut_marketing,0.75
35,2026,12,80,increase_marketing,1.15
35,2026,12,80,buy_equipment,300000
35,2026,12,86,fire,-1
35,2026,12,89,hire,1
35,2026,12,89,buy_equipment,300000
36,2027,1,19,hire,1
36,2027,1,19,increase_marketing,1.15
36,2027,1,23,increase_marketing,1.15
36,2027,1,25,cut_marketing,0.75
36,2027,1,37,take_loan,1204166.04
36,2027,1,42,lower_price,0.97
36,2027,1,46,increase_marketing,1.15
36,2027,1,52,buy_equipment,300000
36,2027,1,58,buy_equipment,300000
36,2027,1,64,fire,-1
36,2027,1,64,lower_price,0.97
36,2027,1,65,increase_marketing,1.15
36,2027,1,86,lower_price,0.97
36,2027,1,93,fire,-1
37,2027,2,4,buy_equipment,300000
37,2027,2,11,fire,-1
37,2027,2,11,cut_marketing,0.75
37,2027,2,25,lower_price,0.97
37,2027,2,28,increase_marketing,1.15
37,2027,2,37,cut_marketing,0.75
37,2027,2,52,fire,-1
37,2027,2,53,cut_marketing,0.75
37,2027,2,53,take_loan,2019873.73
37,2027,2,56,lower_price,0.97
37,2027,2,57,increase_marketing,1.15
37,2027,2,65,lower_price,0.97
37,2027,2,65,increase_marketing,1.15
37,2027,2,77,lower_price,0.97
37,2027,2,77,take_loan,1342938.49
37,2027,2,80,increase_marketing,1.15
37,2027,2,88,increase_marketing,1.15
38,2027,3,25,lower_price,0.97
38,2027,3,37,lower_price,0.97
38,2027,3,37,take_loan,893671.16
38,2027,3,41,increase_marketing,1.15
38,2027,3,42,cut_marketing,0.75
38,2027,3,42,take_loan,1582975.2
38,2027,3,49,lower_price,0.97
38,2027,3,52,hire,1
38,2027,3,53,cut_marketing,0.75
38,2027,3,53,take_loan,2919078.67
38,2027,3,65,lower_price,0.97
38,2027,3,67,lower_price,0.97
38,2027,3,73,increase_marketing,1.15
38,2027,3,77,cut_marketing,0.75
39,2027,4,16,increase_marketing,1.15
39,2027,4,19,fire,-1
39,2027,4,19,increase_marketing,1.15
39,2027,4,37,take_loan,1498473.36
39,2027,4,42,cut_marketing,0.75
39,2027,4,45,increase_marketing,1.15
39,2027,4,46,fire,-1
39,2027,4,46,lower_price,0.97
39,2027,4,52,increase_marketing,1.15
39,2027,4,52,expand_capacity,1.15
39,2027,4,57,lower_price,0.97
39,2027,4,57,cut_marketing,0.75
39,2027,4,58,hire,1
39,2027,4,65,lower_price,0.97
39,2027,4,65,increase_marketing,1.15
39,2027,4,67,increase_marketing,1.15
39,2027,4,73,increase_marketing,1.15
39,2027,4,77,cut_marketing,0.75
39,2027,4,86,lower_price,0.97
39,2027,4,86,increase_marketing,1.15
39,2027,4,89,hire,1
39,2027,4,93,cut_marketing,0.75
40,2027,5,4,increase_marketing,1.15
40,2027,5,28,hire,1
40,2027,5,42,take_loan,1798377.63
40,2027,5,46,increase_marketing,1.15
40,2027,5,49,increase_marketing,1.15
40,2027,5,52,hire,1
40,2027,5,52,buy_equipment,300000
40,2027,5,56,raise_price,1.03
40,2027,5,73,fire,-1
40,2027,5,73,increase_marketing,1.15
40,2027,5,77,cut_marketing,0.75
40,2027,5,77,take_loan,1248289.02
40,2027,5,80,hire,1
40,2027,5,86,increase_marketing,1.15
40,2027,5,93,fire,-1
40,2027,5,93,take_loan,692960.61
41,2027,6,4,hire,1
41,2027,6,15,cut_marketing,0.75
41,2027,6,16,lower_price,0.97
41,2027,6,23,lower_price,0.97
41,2027,6,25,cut_marketing,0.75
41,2027,6,37,lower_price,0.97
41,2027,6,41,increase_marketing,1.15
41,2027,6,42,lower_price,0.97
41,2027,6,45,lower_price,0.97
41,2027,6,56,hire,1
41,2027,6,58,hire,1
41,2027,6,64,lower_price,0.97
41,2027,6,64,increase_marketing,1.15
41,2027,6,73,fire,-1
41,2027,6,86,lower_price,0.97
41,2027,6,89,hire,1
41,2027,6,93,fire,-1
42,2027,7,4,buy_equipment,300000
42,2027,7,15,cut_marketing,0.75
42,2027,7,16,lower_price,0.97
42,2027,7,19,increase_marketing,1.15
42,2027,7,28,increase_marketing,1.15
42,2027,7,41,increase_marketing,1.15
42,2027,7,42,fire,-1
42,2027,7,46,fire,-1
42,2027,7,48,lower_price,0.97
42,2027,7,48,increase_marketing,1.15
42,2027,7,52,hire,1
42,2027,7,56,increase_marketing,1.15
42,2027,7,58,hire,1
42,2027,7,64,fire,-1
42,2027,7,64,increase_marketing,1.15
42,2027,7,89,hire,1
42,2027,7,89,buy_equipment,300000
42,2027,7,89,expand_capacity,1.15
42,2027,7,93,lower_price,0.97
43,2027,8,4,hire,1
43,2027,8,4,expand_capacity,1.15
43,2027,8,11,cut_marketing,0.75
43,2027,8,12,increase_marketing,1.15
43,2027,8,23,fire,-1
43,2027,8,23,lower_price,0.97
43,2027,8,28,increase_marketing,1.15
43,2027,8,41,fire,-1
43,2027,8,42,lower_price,0.97
43,2027,8,48,fire,-1
43,2027,8,49,lower_price,0.97
43,2027,8,49,increase_marketing,1.15
43,2027,8,56,buy_equipment,300000
43,2027,8,58,increase_marketing,1.15
43,2027,8,58,buy_equipment,300000
43,2027,8,67,increase_marketing,1.15
43,2027,8,73,lower_price,0.97
43,2027,8,89,increase_marketing,1.15
43,2027,8,93,fire,-1
44,2027,9,11,take_loan,1224994.1
44,2027,9,23,fire,-1
44,2027,9,25,take_loan,845984.26
44,2027,9,28,hire,1
44,2027,9,41,fire,-1
44,2027,9,56,hire,1
44,2027,9,58,increase_marketing,1.15
44,2027,9,86,lower_price,0.97
45,2027,10,4,hire,1
45,2027,10,4,buy_equipment,300000
45,2027,10,12,increase_marketing,1.15
45,2027,10,19,increase_marketing,1.15
45,2027,10,41,lower_price,0.97
45,2027,10,41,increase_marketing,1.15
45,2027,10,45,increase_marketing,1.15
45,2027,10,48,lower_price,0.97
45,2027,10,48,increase_marketing,1.15
45,2027,10,56,expand_capacity,1.15
45,2027,10,73,fire,-1
45,2027,10,80,hire,1
45,2027,10,80,expand_capacity,1.15
46,2027,11,4,hire,1
46,2027,11,4,buy_equipment,300000
46,2027,11,28,buy_equipment,300000
46,2027,11,41,fire,-1
46,2027,11,45,lower_price,0.97
46,2027,11,45,increase_marketing,1.15
46,2027,11,46,raise_price,1.03
46,2027,11,46,increase_marketing,1.15
46,2027,11,48,fire,-1
46,2027,11,48,lower_price,0.97
46,2027,11,49,increase_marketing,1.15
46,2027,11,64,increase_marketing,1.15
46,2027,11,67,increase_marketing,1.15
46,2027,11,80,increase_marketing,1.15
46,2027,11,80,expand_capacity,1.15
46,2027,11,93,fire,-1
47,2027,12,4,buy_equipment,300000
47,2027,12,11,cut_marketing,0.75
47,2027,12,11,take_loan,1750331.53
47,2027,12,23,increase_marketing,1.15
47,2027,12,25,cut_marketing,0.75
47,2027,12,25,take_loan,799693.01
47,2027,12,28,fire,-1
47,2027,12,28,lower_price,0.97
47,2027,12,28,expand_capacity,1.15
47,2027,12,45,increase_marketing,1.15
47,2027,12,48,fire,-1
47,2027,12,56,fire,-1
47,2027,12,58,hire,1
47,2027,12,64,lower_price,0.97
47,2027,12,65,lower_price,0.97
47,2027,12,67,increase_marketing,1.15
47,2027,12,73,cut_marketing,0.75
47,2027,12,80,buy_equipment,300000
48,2028,1,4,hire,1
48,2028,1,4,buy_equipment,300000
48,2028,1,19,hire,1
48,2028,1,25,lower_price,0.97
48,2028,1,25,take_loan,1375958.07
48,2028,1,28,hire,1
48,2028,1,49,cut_marketing,0.75
48,2028,1,52,hire,1
48,2028,1,56,expand_capacity,1.15
48,2028,1,64,fire,-1
48,2028,1,65,lower_price,0.97
48,2028,1,65,increase_marketing,1.15
48,2028,1,73,take_loan,1680156.03
48,2028,1,86,fire,-1
48,2028,1,86,increase_marketing,1.15
49,2028,2,11,cut_marketing,0.75
49,2028,2,16,lower_price,0.97
49,2028,2,23,increase_marketing,1.15
49,2028,2,25,lower_price,0.97
49,2028,2,28,increase_marketing,1.15
49,2028,2,41,fire,-1
49,2028,2,41,lower_price,0.97
49,2028,2,41,increase_marketing,1.15
49,2028,2,45,lower_price,0.97
49,2028,2,46,lower_price,0.97
49,2028,2,48,fire,-1
49,2028,2,48,increase_marketing,1.15
49,2028,2,52,fire,-1
49,2028,2,58,fire,-1
49,2028,2,58,increase_marketing,1.15
49,2028,2,65,lower_price,0.97
49,2028,2,86,fire,-1
49,2028,2,86,increase_marketing,1.15
49,2028,2,89,fire,-1
50,2028,3,11,cut_marketing,0.75
50,2028,3,11,take_loan,2227458.19
50,2028,3,12,lower_price,0.97
50,2028,3,16,lower_price,0.97
50,2028,3,16,cut_marketing,0.75
50,2028,3,19,increase_marketing,1.15
50,2028,3,52,lower_price,0.97
50,2028,3,56,fire,-1
50,2028,3,58,fire,-1
50,2028,3,64,lower_price,0.97
50,2028,3,65,lower_price,0.97
50,2028,3,80,increase_marketing,1.15
50,2028,3,93,increase_marketing,1.15
51,2028,4,12,increase_marketing,1.15
51,2028,4,16,lower_price,0.97
51,2028,4,16,cut_marketing,0.75
51,2028,4,41,lower_price,0.97
51,2028,4,45,cut_marketing,0.75
51,2028,4,52,lower_price,0.97
51,2028,4,52,increase_marketing,1.15
51,2028,4,52,buy_equipment,300000
51,2028,4,58,fire,-1
51,2028,4,64,lower_price,0.97
51,2028,4,64,increase_marketing,1.15
51,2028,4,67,lower_price,0.97
51,2028,4,73,take_loan,1762268.1
51,2028,4,86,fire,-1
51,2028,4,86,increase_marketing,1.15
51,2028,4,89,increase_marketing,1.15
51,2028,4,93,raise_price,1.03
51,2028,4,93,increase_marketing,1.15
52,2028,5,16,lower_price,0.97
52,2028,5,16,take_loan,1911329.99
52,2028,5,23,increase_marketing,1.15
52,2028,5,25,take_loan,1557384.6
52,2028,5,52,fire,-1
52,2028,5,52,increase_marketing,1.15
52,2028,5,64,fire,-1
52,2028,5,64,lower_price,0.97
52,2028,5,64,increase_marketing,1.15
52,2028,5,73,lower_price,0.97
52,2028,5,80,hire,1
52,2028,5,80,increase_marketing,1.15
52,2028,5,86,increase_marketing,1.15
53,2028,6,4,expand_capacity,1.15
53,2028,6,11,cut_marketing,0.75
53,2028,6,12,increase_marketing,1.15
53,2028,6,16,lower_price,0.97
53,2028,6,16,take_loan,1679097.13
53,2028,6,19,lower_price,0.97
53,2028,6,25,lower_price,0.97
53,2028,6,48,raise_price,1.03
53,2028,6,52,fire,-1
53,2028,6,58,increase_marketing,1.15
53,2028,6,64,fire,-1
53,2028,6,73,lower_price,0.97
53,2028,6,93,raise_price,1.03
54,2028,7,4,hire,1
54,2028,7,41,lower_price,0.97
54,2028,7,73,take_loan,1585558.45
54,2028,7,80,hire,1
55,2028,8,4,increase_marketing,1.15
55,2028,8,25,cut_marketing,0.75
55,2028,8,41,increase_marketing,1.15
55,2028,8,46,raise_price,1.03
55,2028,8,46,increase_marketing,1.15
55,2028,8,48,increase_marketing,1.15
55,2028,8,64,lower_price,0.97
55,2028,8,64,increase_marketing,1.15
55,2028,8,65,take_loan,1061345.2
55,2028,8,80,increase_marketing,1.15
55,2028,8,93,increase_marketing,1.15
56,2028,9,25,cut_marketing,0.75
56,2028,9,28,fire,-1
56,2028,9,41,increase_marketing,1.15
56,2028,9,56,lower_price,0.97
56,2028,9,64,increase_marketing,1.15
56,2028,9,65,cut_marketing,0.75
56,2028,9,65,take_loan,958958.1
56,2028,9,86,increase_marketing,1.15
56,2028,9,89,increase_marketing,1.15
57,2028,10,4,increase_marketing,1.15
57,2028,10,25,lower_price,0.97
57,2028,10,25,cut_marketing,0.75
57,2028,10,28,fire,-1
57,2028,10,52,fire,-1
57,2028,10,56,increase_marketing,1.15
57,2028,10,93,hire,1
58,2028,11,4,hire,1
58,2028,11,4,increase_marketing,1.15
58,2028,11,12,cut_marketing,0.75
58,2028,11,19,increase_marketing,1.15
58,2028,11,23,lower_price,0.97
58,2028,11,23,increase_marketing,1.15
58,2028,11,52,fire,-1
58,2028,11,64,lower_price,0.97
58,2028,11,65,take_loan,1074798.71
58,2028,11,67,increase_marketing,1.15
58,2028,11,73,cut_marketing,0.75
58,2028,11,73,take_loan,2131379.65
59,2028,12,16,lower_price,0.97
59,2028,12,16,cut_marketing,0.75
59,2028,12,16,take_loan,1165990.26
59,2028,12,28,hire,1
59,2028,12,41,lower_price,0.97
59,2028,12,52,lower_price,0.97
59,2028,12,58,raise_price,1.03
59,2028,12,58,increase_marketing,1.15
60,2029,1,4,buy_equipment,300000
60,2029,1,12,take_loan,1373143.41
60,2029,1,46,hire,1
60,2029,1,58,increase_marketing,1.15
60,2029,1,67,lower_price,0.97
60,2029,1,93,increase_marketing,1.15
61,2029,2,12,cut_marketing,0.75
61,2029,2,19,lower_price,0.97
61,2029,2,46,raise_price,1.03
61,2029,2,46,increase_marketing,1.15
61,2029,2,48,raise_price,1.03
61,2029,2,56,raise_price,1.03
61,2029,2,56,increase_marketing,1.15
61,2029,2,67,lower_price,0.97
61,2029,2,67,increase_marketing,1.15
61,2029,2,93,increase_marketing,1.15
62,2029,3,12,lower_price,0.97
62,2029,3,41,take_loan,2473967.49
62,2029,3,46,expand_capacity,1.15
62,2029,3,58,increase_marketing,1.15
62,2029,3,89,increase_marketing,1.15
63,2029,4,4,increase_marketing,1.15
63,2029,4,12,cut_marketing,0.75
63,2029,4,28,hire,1
63,2029,4,41,take_loan,3315110.74
63,2029,4,46,raise_price,1.03
63,2029,4,48,hire,1
63,2029,4,48,raise_price,1.03
63,2029,4,48,increase_marketing,1.15
63,2029,4,67,lower_price,0.97
63,2029,4,86,increase_marketing,1.15
64,2029,5,28,hire,1
64,2029,5,41,lower_price,0.97
64,2029,5,58,raise_price,1.03
64,2029,5,89,expand_capacity,1.15
64,2029,5,93,hire,1
65,2029,6,4,buy_equipment,300000
65,2029,6,19,cut_marketing,0.75
65,2029,6,23,lower_price,0.97
65,2029,6,58,increase_marketing,1.15
65,2029,6,67,take_loan,1462656.48
65,2029,6,89,buy_equipment,300000
66,2029,7,41,lower_price,0.97
66,2029,7,41,take_loan,3264901.04
66,2029,7,46,hire,1
66,2029,7,48,raise_price,1.03
66,2029,7,89,buy_equipment,300000
67,2029,8,19,cut_marketing,0.75
67,2029,8,23,cut_marketing,0.75
67,2029,8,23,take_loan,1389465.21
67,2029,8,46,increase_marketing,1.15
67,2029,8,58,hire,1
67,2029,8,58,buy_equipment,300000
67,2029,8,67,cut_marketing,0.75
68,2029,9,19,lower_price,0.97
68,2029,9,19,cut_marketing,0.75
68,2029,9,19,take_loan,1648902.43
68,2029,9,28,hire,1
68,2029,9,41,cut_marketing,0.75
68,2029,9,48,hire,1
68,2029,9,67,cut_marketing,0.75
68,2029,9,86,increase_marketing,1.15
68,2029,9,89,expand_capacity,1.15
69,2029,10,4,buy_equipment,300000
69,2029,10,28,increase_marketing,1.15
69,2029,10,41,cut_marketing,0.75
69,2029,10,52,increase_marketing,1.15
69,2029,10,58,hire,1
69,2029,10,58,buy_equipment,300000
69,2029,10,89,buy_equipment,300000
70,2029,11,48,hire,1
70,2029,11,52,increase_marketing,1.15
70,2029,11,67,cut_marketing,0.75
70,2029,11,89,buy_equipment,300000
70,2029,11,93,hire,1
71,2029,12,4,buy_equipment,300000
71,2029,12,4,expand_capacity,1.15
71,2029,12,23,cut_marketing,0.75
71,2029,12,48,expand_capacity,1.15
71,2029,12,58,increase_marketing,1.15
71,2029,12,89,increase_marketing,1.15
71,2029,12,89,expand_capacity,1.15
71,2029,12,93,increase_marketing,1.15
72,2030,1,4,hire,1
72,2030,1,19,increase_marketing,1.15
72,2030,1,52,hire,1
72,2030,1,56,hire,1
72,2030,1,56,increase_marketing,1.15
72,2030,1,64,buy_equipment,300000
72,2030,1,89,hire,1
72,2030,1,93,hire,1
72,2030,1,93,increase_marketing,1.15
73,2030,2,4,hire,1
73,2030,2,19,increase_marketing,1.15
73,2030,2,23,take_loan,1498469.13
73,2030,2,28,fire,-1
73,2030,2,48,hire,1
73,2030,2,48,raise_price,1.03
73,2030,2,64,increase_marketing,1.15
73,2030,2,93,increase_marketing,1.15
74,2030,3,28,fire,-1
74,2030,3,56,hire,1
74,2030,3,86,lower_price,0.97
74,2030,3,89,hire,1
75,2030,4,4,buy_equipment,300000
75,2030,4,19,increase_marketing,1.15
75,2030,4,23,cut_marketing,0.75
75,2030,4,23,take_loan,1213850.24
75,2030,4,28,fire,-1
75,2030,4,52,buy_equipment,300000
75,2030,4,64,increase_marketing,1.15
75,2030,4,86,increase_marketing,1.15
75,2030,4,89,hire,1
75,2030,4,89,buy_equipment,300000
75,2030,4,89,expand_capacity,1.15
76,2030,5,23,lower_price,0.97
76,2030,5,28,increase_marketing,1.15
76,2030,5,56,fire,-1
76,2030,5,64,hire,1
76,2030,5,89,hire,1
76,2030,5,93,buy_equipment,300000
77,2030,6,64,expand_capacity,1.15
77,2030,6,89,hire,1
77,2030,6,89,expand_capacity,1.15
77,2030,6,93,increase_marketing,1.15
78,2030,7,23,take_loan,1427407.07
78,2030,7,58,hire,1
78,2030,7,86,increase_marketing,1.15
78,2030,7,89,expand_capacity,1.15
78,2030,7,93,hire,1
78,2030,7,93,increase_marketing,1.15
79,2030,8,4,hire,1
79,2030,8,4,increase_marketing,1.15
79,2030,8,4,buy_equipment,300000
79,2030,8,23,lower_price,0.97
79,2030,8,28,fire,-1
79,2030,8,28,increase_marketing,1.15
79,2030,8,48,buy_equipment,300000
79,2030,8,52,increase_marketing,1.15
79,2030,8,56,lower_price,0.97
79,2030,8,56,increase_marketing,1.15
79,2030,8,89,hire,1
80,2030,9,23,cut_marketing,0.75
80,2030,9,48,hire,1
80,2030,9,52,increase_marketing,1.15
80,2030,9,56,lower_price,0.97
80,2030,9,86,lower_price,0.97
80,2030,9,89,hire,1
81,2030,10,56,lower_price,0.97
81,2030,10,64,buy_equipment,300000
81,2030,10,93,fire,-1
81,2030,10,93,lower_price,0.97
82,2030,11,4,increase_marketing,1.15
82,2030,11,28,increase_marketing,1.15
82,2030,11,58,hire,1
82,2030,11,58,expand_capacity,1.15
82,2030,11,64,expand_capacity,1.15
82,2030,11,93,buy_equipment,300000
83,2030,12,48,buy_equipment,300000
83,2030,12,52,increase_marketing,1.15
83,2030,12,56,lower_price,0.97
83,2030,12,56,increase_marketing,1.15
83,2030,12,58,hire,1
83,2030,12,58,increase_marketing,1.15
83,2030,12,64,hire,1
83,2030,12,64,increase_marketing,1.15
83,2030,12,93,lower_price,0.97
84,2031,1,4,increase_marketing,1.15
84,2031,1,52,increase_marketing,1.15
84,2031,1,56,increase_marketing,1.15
84,2031,1,64,expand_capacity,1.15
84,2031,1,89,hire,1
84,2031,1,93,expand_capacity,1.15
85,2031,2,4,hire,1
85,2031,2,48,increase_marketing,1.15
85,2031,2,56,lower_price,0.97
85,2031,2,58,hire,1
85,2031,2,64,fire,-1
85,2031,2,64,increase_marketing,1.15
86,2031,3,48,increase_marketing,1.15
87,2031,4,4,expand_capacity,1.15
87,2031,4,56,lower_price,0.97
87,2031,4,56,take_loan,1242528.54
87,2031,4,64,increase_marketing,1.15
88,2031,5,28,take_loan,3950309.08
88,2031,5,48,buy_equipment,300000
88,2031,5,52,lower_price,0.97
88,2031,5,52,increase_marketing,1.15
88,2031,5,93,increase_marketing,1.15
89,2031,6,4,hire,1
89,2031,6,48,raise_price,1.03
89,2031,6,56,cut_marketing,0.75
89,2031,6,56,take_loan,1552225.28
90,2031,7,28,lower_price,0.97
90,2031,7,28,increase_marketing,1.15
90,2031,7,56,cut_marketing,0.75
90,2031,7,93,fire,-1
90,2031,7,93,lower_price,0.97
90,2031,7,93,increase_marketing,1.15
91,2031,8,28,lower_price,0.97
91,2031,8,48,raise_price,1.03
91,2031,8,48,increase_marketing,1.15
91,2031,8,56,take_loan,1142183.27
91,2031,8,64,increase_marketing,1.15
91,2031,8,93,increase_marketing,1.15
92,2031,9,28,lower_price,0.97
92,2031,9,48,hire,1
92,2031,9,48,increase_marketing,1.15
92,2031,9,56,cut_marketing,0.75
92,2031,9,56,take_loan,1399034.94
93,2031,10,4,buy_equipment,300000
93,2031,10,4,expand_capacity,1.15
93,2031,10,52,increase_marketing,1.15
93,2031,10,64,increase_marketing,1.15
93,2031,10,86,take_loan,1935574.4
93,2031,10,93,lower_price,0.97
94,2031,11,28,lower_price,0.97
94,2031,11,48,raise_price,1.03
94,2031,11,52,increase_marketing,1.15
94,2031,11,64,increase_marketing,1.15
94,2031,11,86,lower_price,0.97
94,2031,11,93,increase_marketing,1.15
95,2031,12,4,increase_marketing,1.15
95,2031,12,48,hire,1
95,2031,12,48,buy_equipment,300000
95,2031,12,52,lower_price,0.97
95,2031,12,64,increase_marketing,1.15
95,2031,12,86,lower_price,0.97
95,2031,12,86,take_loan,1512637.22
95,2031,12,93,lower_price,0.97
96,2032,1,4,hire,1
96,2032,1,4,increase_marketing,1.15
96,2032,1,4,expand_capacity,1.15
96,2032,1,48,hire,1
96,2032,1,48,raise_price,1.03
97,2032,2,4,increase_marketing,1.15
97,2032,2,48,hire,1
97,2032,2,52,lower_price,0.97
97,2032,2,64,increase_marketing,1.15
97,2032,2,86,take_loan,2167656.33
97,2032,2,93,lower_price,0.97
98,2032,3,4,hire,1
99,2032,4,4,increase_marketing,1.15
99,2032,4,93,lower_price,0.97
100,2032,5,4,expand_capacity,1.15
100,2032,5,48,hire,1
100,2032,5,64,lower_price,0.97
100,2032,5,93,increase_marketing,1.15
101,2032,6,48,fire,-1
101,2032,6,48,increase_marketing,1.15
102,2032,7,4,hire,1
102,2032,7,4,buy_equipment,300000
102,2032,7,48,fire,-1
102,2032,7,52,lower_price,0.97
102,2032,7,64,lower_price,0.97
102,2032,7,93,cut_marketing,0.75
103,2032,8,48,lower_price,0.97
103,2032,8,48,increase_marketing,1.15
103,2032,8,93,lower_price,0.97
103,2032,8,93,cut_marketing,0.75
103,2032,8,93,take_loan,1888212.23
104,2032,9,4,increase_marketing,1.15
104,2032,9,48,fire,-1
104,2032,9,48,lower_price,0.97
104,2032,9,52,lower_price,0.97
104,2032,9,52,increase_marketing,1.15
105,2032,10,4,fire,-1
105,2032,10,4,lower_price,0.97
105,2032,10,93,cut_marketing,0.75
106,2032,11,4,lower_price,0.97
107,2032,12,4,lower_price,0.97
107,2032,12,93,cut_marketing,0.75
108,2033,1,4,fire,-1
108,2033,1,52,increase_marketing,1.15
108,2033,1,93,lower_price,0.97
109,2033,2,4,increase_marketing,1.15
109,2033,2,48,lower_price,0.97
110,2033,3,4,increase_marketing,1.15
111,2033,4,4,increase_marketing,1.15
111,2033,4,48,increase_marketing,1.15
111,2033,4,52,cut_marketing,0.75
112,2033,5,4,fire,-1
112,2033,5,52,cut_marketing,0.75
113,2033,6,52,cut_marketing,0.75
113,2033,6,52,take_loan,1319246.2
114,2033,7,4,lower_price,0.97
115,2033,8,4,fire,-1
115,2033,8,48,fire,-1
116,2033,9,48,fire,-1
117,2033,10,4,lower_price,0.97
117,2033,10,48,increase_marketing,1.15
119,2033,12,4,fire,-1
