tick,year,month,business_id,business_type,event_name
0,2024,1,1,restaurant,good_season_boost
0,2024,1,3,saas,bad_reviews
0,2024,1,3,saas,supplier_discount
0,2024,1,4,retail,competitor_closed
0,2024,1,4,retail,staff_left
0,2024,1,5,saas,raw_materials_up
0,2024,1,5,saas,new_law
0,2024,1,6,logistics,competitor_appeared
0,2024,1,7,retail,competitor_closed
0,2024,1,8,production,bad_reviews
0,2024,1,10,logistics,staff_left
0,2024,1,12,restaurant,competitor_appeared
0,2024,1,12,restaurant,got_investment
0,2024,1,15,retail,supplier_discount
0,2024,1,16,restaurant,tax_hike
0,2024,1,18,saas,competitor_appeared
0,2024,1,18,saas,rent_increase
0,2024,1,18,saas,bad_reviews
0,2024,1,19,restaurant,competitor_appeared
0,2024,1,19,restaurant,competitor_closed
0,2024,1,19,restaurant,new_law
0,2024,1,20,restaurant,tax_hike
0,2024,1,20,restaurant,bad_reviews
0,2024,1,21,logistics,staff_left
0,2024,1,21,logistics,new_law
0,2024,1,22,saas,staff_left
0,2024,1,23,retail,bad_reviews
0,2024,1,23,retail,good_season_boost
0,2024,1,23,retail,supplier_discount
0,2024,1,26,autoservice,raw_materials_up
0,2024,1,26,autoservice,inspection
0,2024,1,27,autoservice,tax_hike
0,2024,1,29,restaurant,supplier_discount
0,2024,1,32,autoservice,good_season_boost
0,2024,1,35,production,competitor_appeared
0,2024,1,36,autoservice,bad_reviews
0,2024,1,36,autoservice,supplier_discount
0,2024,1,38,production,raw_materials_up
0,2024,1,39,logistics,staff_left
0,2024,1,39,logistics,raw_materials_up
0,2024,1,39,logistics,equipment_breakdown
0,2024,1,40,logistics,staff_left
0,2024,1,40,logistics,key_rate_down
0,2024,1,42,retail,staff_left
0,2024,1,42,retail,tax_hike
0,2024,1,42,retail,supplier_discount
0,2024,1,46,retail,competitor_appeared
0,2024,1,48,retail,staff_left
0,2024,1,49,restaurant,supplier_discount
0,2024,1,50,logistics,bad_reviews
0,2024,1,50,logistics,viral_marketing
0,2024,1,55,autoservice,competitor_appeared
0,2024,1,55,autoservice,tax_hike
0,2024,1,55,autoservice,bad_reviews
0,2024,1,61,restaurant,rent_increase
0,2024,1,62,production,rent_increase
0,2024,1,64,retail,got_investment
0,2024,1,64,retail,supplier_discount
0,2024,1,66,autoservice,got_investment
0,2024,1,67,restaurant,staff_left
0,2024,1,67,restaurant,good_season_boost
0,2024,1,73,retail,good_season_boost
0,2024,1,74,autoservice,rent_increase
0,2024,1,75,logistics,viral_marketing
0,2024,1,75,logistics,supplier_discount
0,2024,1,77,autoservice,rent_increase
0,2024,1,79,logistics,equipment_breakdown
0,2024,1,80,retail,bad_reviews
0,2024,1,81,logistics,good_season_boost
0,2024,1,82,saas,bad_reviews
0,2024,1,84,logistics,competitor_appeared
0,2024,1,84,logistics,rent_increase
0,2024,1,87,production,supplier_discount
0,2024,1,90,saas,rent_increase
0,2024,1,94,logistics,raw_materials_up
0,2024,1,97,retail,rent_increase
0,2024,1,97,retail,new_law
0,2024,1,97,retail,got_investment
0,2024,1,98,restaurant,raw_materials_up
0,2024,1,99,saas,bad_reviews
0,2024,1,100,restaurant,raw_materials_up
1,2024,2,1,restaurant,tax_hike
1,2024,2,1,restaurant,supplier_discount
1,2024,2,2,restaurant,tax_hike
1,2024,2,2,restaurant,inspection
1,2024,2,6,logistics,flood
1,2024,2,7,retail,pandemic_shock
1,2024,2,7,retail,viral_marketing
1,2024,2,8,production,key_rate_down
1,2024,2,10,logistics,raw_materials_up
1,2024,2,11,retail,new_law
1,2024,2,11,retail,supplier_discount
1,2024,2,13,restaurant,got_grant
1,2024,2,14,logistics,viral_marketing
1,2024,2,14,logistics,got_grant
1,2024,2,16,restaurant,rent_increase
1,2024,2,18,saas,got_grant
1,2024,2,21,logistics,rent_increase
1,2024,2,21,logistics,raw_materials_up
1,2024,2,21,logistics,pandemic_shock
1,2024,2,22,saas,equipment_breakdown
1,2024,2,24,logistics,supplier_discount
1,2024,2,25,restaurant,raw_materials_up
1,2024,2,27,autoservice,got_grant
1,2024,2,27,autoservice,good_season_boost
1,2024,2,28,restaurant,staff_left
1,2024,2,33,logistics,raw_materials_up
1,2024,2,33,logistics,good_season_boost
1,2024,2,34,logistics,good_season_boost
1,2024,2,35,production,bad_reviews
1,2024,2,37,restaurant,rent_increase
1,2024,2,37,restaurant,raw_materials_up
1,2024,2,39,logistics,inspection
1,2024,2,39,logistics,key_rate_down
1,2024,2,42,retail,new_law
1,2024,2,45,restaurant,bad_reviews
1,2024,2,46,retail,raw_materials_up
1,2024,2,46,retail,bad_reviews
1,2024,2,47,logistics,key_rate_down
1,2024,2,47,logistics,equipment_breakdown
1,2024,2,48,retail,rent_increase
1,2024,2,50,logistics,tax_hike
1,2024,2,50,logistics,inspection
1,2024,2,51,logistics,bad_reviews
1,2024,2,54,production,bad_reviews
1,2024,2,57,restaurant,staff_left
1,2024,2,57,restaurant,inspection
1,2024,2,60,autoservice,bad_reviews
1,2024,2,62,production,raw_materials_up
1,2024,2,63,restaurant,inspection
1,2024,2,64,retail,good_season_boost
1,2024,2,66,autoservice,raw_materials_up
1,2024,2,66,autoservice,inspection
1,2024,2,67,restaurant,viral_marketing
1,2024,2,67,restaurant,got_grant
1,2024,2,68,production,good_season_boost
1,2024,2,70,production,raw_materials_up
1,2024,2,72,logistics,equipment_breakdown
1,2024,2,72,logistics,supplier_discount
1,2024,2,74,autoservice,bad_reviews
1,2024,2,80,retail,key_rate_down
1,2024,2,82,saas,equipment_breakdown
1,2024,2,82,saas,good_season_boost
1,2024,2,83,saas,competitor_appeared
1,2024,2,83,saas,viral_marketing
1,2024,2,84,logistics,inspection
1,2024,2,88,restaurant,rent_increase
1,2024,2,88,restaurant,raw_materials_up
1,2024,2,88,restaurant,bad_reviews
1,2024,2,90,saas,inspection
1,2024,2,92,restaurant,got_investment
1,2024,2,94,logistics,raw_materials_up
1,2024,2,95,logistics,pandemic_shock
1,2024,2,98,restaurant,raw_materials_up
1,2024,2,99,saas,competitor_closed
1,2024,2,99,saas,rent_increase
1,2024,2,99,saas,bad_reviews
1,2024,2,100,restaurant,bad_reviews
2,2024,3,4,retail,viral_marketing
2,2024,3,4,retail,good_season_boost
2,2024,3,5,saas,competitor_appeared
2,2024,3,5,saas,viral_marketing
2,2024,3,6,logistics,viral_marketing
2,2024,3,7,retail,rent_increase
2,2024,3,8,production,raw_materials_up
2,2024,3,10,logistics,supplier_discount
2,2024,3,11,retail,rent_increase
2,2024,3,11,retail,raw_materials_up
2,2024,3,11,retail,got_grant
2,2024,3,12,restaurant,competitor_appeared
2,2024,3,12,restaurant,bad_reviews
2,2024,3,13,restaurant,competitor_appeared
2,2024,3,13,restaurant,bad_reviews
2,2024,3,14,logistics,raw_materials_up
2,2024,3,15,retail,equipment_breakdown
2,2024,3,16,restaurant,competitor_closed
2,2024,3,18,saas,got_grant
2,2024,3,18,saas,equipment_breakdown
2,2024,3,20,restaurant,raw_materials_up
2,2024,3,21,logistics,rent_increase
2,2024,3,22,saas,bad_reviews
2,2024,3,24,logistics,staff_left
2,2024,3,25,restaurant,staff_left
2,2024,3,25,restaurant,bad_reviews
2,2024,3,32,autoservice,tax_hike
2,2024,3,37,restaurant,rent_increase
2,2024,3,38,production,got_investment
2,2024,3,39,logistics,rent_increase
2,2024,3,39,logistics,new_law
2,2024,3,41,retail,raw_materials_up
2,2024,3,41,retail,viral_marketing
2,2024,3,45,restaurant,competitor_closed
2,2024,3,47,logistics,good_season_boost
2,2024,3,50,logistics,supplier_discount
2,2024,3,51,logistics,competitor_closed
2,2024,3,51,logistics,viral_marketing
2,2024,3,52,retail,equipment_breakdown
2,2024,3,54,production,rent_increase
2,2024,3,57,restaurant,rent_increase
2,2024,3,58,retail,good_season_boost
2,2024,3,60,autoservice,raw_materials_up
2,2024,3,61,restaurant,competitor_closed
2,2024,3,62,production,good_season_boost
2,2024,3,63,restaurant,raw_materials_up
2,2024,3,65,restaurant,good_season_boost
2,2024,3,67,restaurant,supplier_discount
2,2024,3,69,retail,viral_marketing
2,2024,3,70,production,viral_marketing
2,2024,3,71,restaurant,rent_increase
2,2024,3,71,restaurant,good_season_boost
2,2024,3,72,logistics,competitor_appeared
2,2024,3,74,autoservice,pandemic_shock
2,2024,3,75,logistics,raw_materials_up
2,2024,3,78,logistics,raw_materials_up
2,2024,3,79,logistics,equipment_breakdown
2,2024,3,79,logistics,good_season_boost
2,2024,3,80,retail,supplier_discount
2,2024,3,82,saas,got_investment
2,2024,3,86,retail,rent_increase
2,2024,3,89,retail,raw_materials_up
2,2024,3,91,logistics,got_grant
2,2024,3,92,restaurant,competitor_appeared
2,2024,3,92,restaurant,rent_increase
2,2024,3,92,restaurant,got_investment
2,2024,3,92,restaurant,equipment_breakdown
2,2024,3,98,restaurant,good_season_boost
3,2024,4,1,restaurant,competitor_appeared
3,2024,4,2,restaurant,competitor_appeared
3,2024,4,2,restaurant,rent_increase
3,2024,4,6,logistics,rent_increase
3,2024,4,6,logistics,good_season_boost
3,2024,4,8,production,good_season_boost
3,2024,4,10,logistics,raw_materials_up
3,2024,4,13,restaurant,raw_materials_up
3,2024,4,14,logistics,good_season_boost
3,2024,4,15,retail,competitor_appeared
3,2024,4,17,logistics,got_investment
3,2024,4,17,logistics,equipment_breakdown
3,2024,4,17,logistics,supplier_discount
3,2024,4,21,logistics,rent_increase
3,2024,4,22,saas,supplier_discount
3,2024,4,23,retail,rent_increase
3,2024,4,23,retail,viral_marketing
3,2024,4,24,logistics,raw_materials_up
3,2024,4,25,restaurant,competitor_appeared
3,2024,4,25,restaurant,inspection
3,2024,4,26,autoservice,raw_materials_up
3,2024,4,28,restaurant,bad_reviews
3,2024,4,29,restaurant,new_law
3,2024,4,32,autoservice,competitor_closed
3,2024,4,32,autoservice,equipment_breakdown
3,2024,4,34,logistics,competitor_appeared
3,2024,4,34,logistics,viral_marketing
3,2024,4,40,logistics,rent_increase
3,2024,4,41,retail,good_season_boost
3,2024,4,44,autoservice,pandemic_shock
3,2024,4,44,autoservice,supplier_discount
3,2024,4,45,restaurant,staff_left
3,2024,4,49,restaurant,viral_marketing
3,2024,4,51,logistics,competitor_closed
3,2024,4,53,retail,competitor_closed
3,2024,4,54,production,supplier_discount
3,2024,4,55,autoservice,viral_marketing
3,2024,4,57,restaurant,viral_marketing
3,2024,4,58,retail,raw_materials_up
3,2024,4,59,autoservice,equipment_breakdown
3,2024,4,63,restaurant,raw_materials_up
3,2024,4,64,retail,competitor_appeared
3,2024,4,64,retail,key_rate_down
3,2024,4,65,restaurant,competitor_closed
3,2024,4,65,restaurant,flood
3,2024,4,65,restaurant,inspection
3,2024,4,65,restaurant,bad_reviews
3,2024,4,66,autoservice,raw_materials_up
3,2024,4,67,restaurant,raw_materials_up
3,2024,4,71,restaurant,viral_marketing
3,2024,4,72,logistics,competitor_appeared
3,2024,4,74,autoservice,bad_reviews
3,2024,4,74,autoservice,supplier_discount
3,2024,4,77,autoservice,staff_left
3,2024,4,77,autoservice,inspection
3,2024,4,79,logistics,key_rate_down
3,2024,4,80,retail,competitor_appeared
3,2024,4,80,retail,rent_increase
3,2024,4,80,retail,bad_reviews
3,2024,4,82,saas,new_law
3,2024,4,84,logistics,rent_increase
3,2024,4,88,restaurant,competitor_appeared
3,2024,4,89,retail,competitor_appeared
3,2024,4,89,retail,inspection
3,2024,4,89,retail,viral_marketing
3,2024,4,89,retail,supplier_discount
3,2024,4,94,logistics,rent_increase
3,2024,4,96,restaurant,viral_marketing
3,2024,4,100,restaurant,rent_increase
3,2024,4,100,restaurant,inspection
4,2024,5,1,restaurant,competitor_appeared
4,2024,5,1,restaurant,new_law
4,2024,5,1,restaurant,key_rate_down
4,2024,5,4,retail,inspection
4,2024,5,4,retail,bad_reviews
4,2024,5,10,logistics,supplier_discount
4,2024,5,11,retail,bad_reviews
4,2024,5,11,retail,equipment_breakdown
4,2024,5,14,logistics,inspection
4,2024,5,17,logistics,staff_left
4,2024,5,17,logistics,rent_increase
4,2024,5,17,logistics,key_rate_down
4,2024,5,21,logistics,staff_left
4,2024,5,23,retail,rent_increase
4,2024,5,23,retail,raw_materials_up
4,2024,5,25,restaurant,new_law
4,2024,5,25,restaurant,supplier_discount
4,2024,5,31,autoservice,raw_materials_up
4,2024,5,31,autoservice,bad_reviews
4,2024,5,33,logistics,tax_hike
4,2024,5,34,logistics,good_season_boost
4,2024,5,36,autoservice,new_law
4,2024,5,36,autoservice,key_rate_down
4,2024,5,37,restaurant,pandemic_shock
4,2024,5,38,production,raw_materials_up
4,2024,5,39,logistics,supplier_discount
4,2024,5,40,logistics,got_investment
4,2024,5,40,logistics,key_rate_down
4,2024,5,41,retail,staff_left
4,2024,5,42,retail,staff_left
4,2024,5,42,retail,equipment_breakdown
4,2024,5,50,logistics,competitor_appeared
4,2024,5,51,logistics,competitor_closed
4,2024,5,52,retail,inspection
4,2024,5,54,production,rent_increase
4,2024,5,58,retail,staff_left
4,2024,5,60,autoservice,competitor_appeared
4,2024,5,61,restaurant,inspection
4,2024,5,64,retail,good_season_boost
4,2024,5,65,restaurant,staff_left
4,2024,5,66,autoservice,new_law
4,2024,5,72,logistics,new_law
4,2024,5,75,logistics,competitor_appeared
4,2024,5,77,autoservice,bad_reviews
4,2024,5,80,retail,rent_increase
4,2024,5,81,logistics,supplier_discount
4,2024,5,82,saas,staff_left
4,2024,5,89,retail,viral_marketing
4,2024,5,93,restaurant,viral_marketing
4,2024,5,94,logistics,staff_left
4,2024,5,95,logistics,tax_hike
4,2024,5,100,restaurant,raw_materials_up
5,2024,6,1,restaurant,staff_left
5,2024,6,1,restaurant,bad_reviews
5,2024,6,1,restaurant,supplier_discount
5,2024,6,10,logistics,equipment_breakdown
5,2024,6,12,restaurant,got_grant
5,2024,6,14,logistics,competitor_closed
5,2024,6,15,retail,bad_reviews
5,2024,6,16,restaurant,staff_left
5,2024,6,19,restaurant,raw_materials_up
5,2024,6,21,logistics,raw_materials_up
5,2024,6,23,retail,competitor_closed
5,2024,6,25,restaurant,bad_reviews
5,2024,6,25,restaurant,good_season_boost
5,2024,6,29,restaurant,viral_marketing
5,2024,6,34,logistics,competitor_closed
5,2024,6,34,logistics,viral_marketing
5,2024,6,41,retail,rent_increase
5,2024,6,46,retail,key_rate_down
5,2024,6,48,retail,good_season_boost
5,2024,6,49,restaurant,competitor_appeared
5,2024,6,49,restaurant,equipment_breakdown
5,2024,6,50,logistics,rent_increase
5,2024,6,51,logistics,raw_materials_up
5,2024,6,53,retail,viral_marketing
5,2024,6,53,retail,key_rate_down
5,2024,6,55,autoservice,good_season_boost
5,2024,6,55,autoservice,supplier_discount
5,2024,6,57,restaurant,key_rate_down
5,2024,6,58,retail,supplier_discount
5,2024,6,60,autoservice,competitor_appeared
5,2024,6,61,restaurant,staff_left
5,2024,6,61,restaurant,raw_materials_up
5,2024,6,61,restaurant,good_season_boost
5,2024,6,65,restaurant,competitor_appeared
5,2024,6,65,restaurant,staff_left
5,2024,6,69,retail,rent_increase
5,2024,6,71,restaurant,viral_marketing
5,2024,6,75,logistics,tax_hike
5,2024,6,75,logistics,viral_marketing
5,2024,6,75,logistics,good_season_boost
5,2024,6,82,saas,equipment_breakdown
5,2024,6,84,logistics,raw_materials_up
5,2024,6,84,logistics,inspection
5,2024,6,86,retail,staff_left
5,2024,6,86,retail,got_grant
5,2024,6,88,restaurant,rent_increase
5,2024,6,92,restaurant,competitor_appeared
5,2024,6,92,restaurant,bad_reviews
5,2024,6,96,restaurant,competitor_appeared
5,2024,6,97,retail,raw_materials_up
5,2024,6,100,restaurant,rent_increase
5,2024,6,100,restaurant,viral_marketing
6,2024,7,1,restaurant,bad_reviews
6,2024,7,1,restaurant,equipment_breakdown
6,2024,7,4,retail,raw_materials_up
6,2024,7,4,retail,bad_reviews
6,2024,7,6,logistics,competitor_appeared
6,2024,7,7,retail,new_law
6,2024,7,11,retail,raw_materials_up
6,2024,7,12,restaurant,staff_left
6,2024,7,13,restaurant,equipment_breakdown
6,2024,7,14,logistics,tax_hike
6,2024,7,16,restaurant,good_season_boost
6,2024,7,17,logistics,rent_increase
6,2024,7,19,restaurant,competitor_appeared
6,2024,7,19,restaurant,good_season_boost
6,2024,7,20,restaurant,equipment_breakdown
6,2024,7,20,restaurant,supplier_discount
6,2024,7,21,logistics,rent_increase
6,2024,7,21,logistics,new_law
6,2024,7,23,retail,inspection
6,2024,7,26,autoservice,raw_materials_up
6,2024,7,27,autoservice,competitor_appeared
6,2024,7,27,autoservice,staff_left
6,2024,7,31,autoservice,raw_materials_up
6,2024,7,33,logistics,raw_materials_up
6,2024,7,33,logistics,new_law
6,2024,7,39,logistics,raw_materials_up
6,2024,7,40,logistics,bad_reviews
6,2024,7,41,retail,viral_marketing
6,2024,7,44,autoservice,new_law
6,2024,7,51,logistics,rent_increase
6,2024,7,52,retail,got_investment
6,2024,7,55,autoservice,staff_left
6,2024,7,57,restaurant,equipment_breakdown
6,2024,7,58,retail,tax_hike
6,2024,7,60,autoservice,raw_materials_up
6,2024,7,63,restaurant,competitor_appeared
6,2024,7,63,restaurant,bad_reviews
6,2024,7,65,restaurant,raw_materials_up
6,2024,7,65,restaurant,key_rate_down
6,2024,7,71,restaurant,raw_materials_up
6,2024,7,71,restaurant,got_grant
6,2024,7,73,retail,bad_reviews
6,2024,7,75,logistics,bad_reviews
6,2024,7,75,logistics,viral_marketing
6,2024,7,84,logistics,competitor_appeared
6,2024,7,97,retail,raw_materials_up
6,2024,7,97,retail,got_grant
6,2024,7,100,restaurant,pandemic_shock
6,2024,7,100,restaurant,supplier_discount
7,2024,8,1,restaurant,supplier_discount
7,2024,8,4,retail,new_law
7,2024,8,6,logistics,inspection
7,2024,8,7,retail,raw_materials_up
7,2024,8,7,retail,tax_hike
7,2024,8,11,retail,raw_materials_up
7,2024,8,12,restaurant,staff_left
7,2024,8,12,restaurant,good_season_boost
7,2024,8,13,restaurant,bad_reviews
7,2024,8,13,restaurant,key_rate_down
7,2024,8,14,logistics,bad_reviews
7,2024,8,19,restaurant,rent_increase
7,2024,8,19,restaurant,inspection
7,2024,8,21,logistics,raw_materials_up
7,2024,8,25,restaurant,competitor_appeared
7,2024,8,25,restaurant,rent_increase
7,2024,8,25,restaurant,viral_marketing
7,2024,8,29,restaurant,bad_reviews
7,2024,8,31,autoservice,equipment_breakdown
7,2024,8,32,autoservice,viral_marketing
7,2024,8,36,autoservice,good_season_boost
7,2024,8,39,logistics,staff_left
7,2024,8,42,retail,competitor_closed
7,2024,8,42,retail,key_rate_down
7,2024,8,45,restaurant,competitor_closed
7,2024,8,45,restaurant,staff_left
7,2024,8,45,restaurant,good_season_boost
7,2024,8,49,restaurant,staff_left
7,2024,8,52,retail,equipment_breakdown
7,2024,8,55,autoservice,good_season_boost
7,2024,8,59,autoservice,bad_reviews
7,2024,8,60,autoservice,staff_left
7,2024,8,63,restaurant,inspection
7,2024,8,63,restaurant,equipment_breakdown
7,2024,8,64,retail,rent_increase
7,2024,8,64,retail,raw_materials_up
7,2024,8,64,retail,tax_hike
7,2024,8,65,restaurant,good_season_boost
7,2024,8,69,retail,bad_reviews
7,2024,8,74,autoservice,competitor_closed
7,2024,8,75,logistics,staff_left
7,2024,8,75,logistics,inspection
7,2024,8,78,logistics,tax_hike
7,2024,8,93,restaurant,key_rate_down
7,2024,8,96,restaurant,good_season_boost
7,2024,8,100,restaurant,rent_increase
8,2024,9,1,restaurant,viral_marketing
8,2024,9,6,logistics,bad_reviews
8,2024,9,12,restaurant,pandemic_shock
8,2024,9,13,restaurant,viral_marketing
8,2024,9,15,retail,equipment_breakdown
8,2024,9,17,logistics,new_law
8,2024,9,19,restaurant,competitor_appeared
8,2024,9,21,logistics,competitor_appeared
8,2024,9,21,logistics,viral_marketing
8,2024,9,21,logistics,key_rate_down
8,2024,9,27,autoservice,raw_materials_up
8,2024,9,31,autoservice,got_grant
8,2024,9,34,logistics,viral_marketing
8,2024,9,42,retail,rent_increase
8,2024,9,44,autoservice,viral_marketing
8,2024,9,49,restaurant,tax_hike
8,2024,9,49,restaurant,bad_reviews
8,2024,9,49,restaurant,equipment_breakdown
8,2024,9,52,retail,staff_left
8,2024,9,57,restaurant,key_rate_down
8,2024,9,58,retail,tax_hike
8,2024,9,60,autoservice,competitor_appeared
8,2024,9,60,autoservice,rent_increase
8,2024,9,60,autoservice,raw_materials_up
8,2024,9,60,autoservice,new_law
8,2024,9,61,restaurant,rent_increase
8,2024,9,63,restaurant,tax_hike
8,2024,9,63,restaurant,equipment_breakdown
8,2024,9,64,retail,raw_materials_up
8,2024,9,64,retail,supplier_discount
8,2024,9,66,autoservice,staff_left
8,2024,9,66,autoservice,bad_reviews
8,2024,9,71,restaurant,bad_reviews
8,2024,9,73,retail,competitor_appeared
8,2024,9,73,retail,staff_left
8,2024,9,73,retail,new_law
8,2024,9,77,autoservice,raw_materials_up
8,2024,9,77,autoservice,new_law
8,2024,9,80,retail,tax_hike
8,2024,9,86,retail,raw_materials_up
8,2024,9,86,retail,bad_reviews
8,2024,9,86,retail,good_season_boost
8,2024,9,88,restaurant,competitor_closed
8,2024,9,88,restaurant,good_season_boost
8,2024,9,89,retail,viral_marketing
8,2024,9,97,retail,raw_materials_up
8,2024,9,97,retail,equipment_breakdown
9,2024,10,1,restaurant,competitor_appeared
9,2024,10,1,restaurant,bad_reviews
9,2024,10,1,restaurant,key_rate_down
9,2024,10,7,retail,competitor_appeared
9,2024,10,7,retail,equipment_breakdown
9,2024,10,12,restaurant,competitor_appeared
9,2024,10,15,retail,competitor_appeared
9,2024,10,16,restaurant,bad_reviews
9,2024,10,19,restaurant,got_investment
9,2024,10,19,restaurant,equipment_breakdown
9,2024,10,23,retail,raw_materials_up
9,2024,10,23,retail,inspection
9,2024,10,23,retail,bad_reviews
9,2024,10,25,restaurant,equipment_breakdown
9,2024,10,27,autoservice,equipment_breakdown
9,2024,10,27,autoservice,good_season_boost
9,2024,10,28,restaurant,tax_hike
9,2024,10,31,autoservice,viral_marketing
9,2024,10,36,autoservice,bad_reviews
9,2024,10,37,restaurant,got_investment
9,2024,10,41,retail,competitor_closed
9,2024,10,42,retail,got_investment
9,2024,10,44,autoservice,bad_reviews
9,2024,10,45,restaurant,raw_materials_up
9,2024,10,46,retail,inspection
9,2024,10,48,retail,viral_marketing
9,2024,10,49,restaurant,staff_left
9,2024,10,49,restaurant,raw_materials_up
9,2024,10,49,restaurant,key_rate_down
9,2024,10,52,retail,competitor_appeared
9,2024,10,56,restaurant,staff_left
9,2024,10,57,restaurant,viral_marketing
9,2024,10,61,restaurant,inspection
9,2024,10,63,restaurant,rent_increase
9,2024,10,69,retail,inspection
9,2024,10,73,retail,staff_left
9,2024,10,73,retail,viral_marketing
9,2024,10,75,logistics,raw_materials_up
9,2024,10,86,retail,raw_materials_up
9,2024,10,89,retail,competitor_appeared
9,2024,10,89,retail,staff_left
9,2024,10,89,retail,equipment_breakdown
9,2024,10,92,restaurant,viral_marketing
9,2024,10,93,restaurant,competitor_appeared
9,2024,10,97,retail,rent_increase
9,2024,10,97,retail,flood
9,2024,10,97,retail,good_season_boost
10,2024,11,4,retail,raw_materials_up
10,2024,11,6,logistics,competitor_appeared
10,2024,11,7,retail,tax_hike
10,2024,11,16,restaurant,rent_increase
10,2024,11,21,logistics,competitor_appeared
10,2024,11,21,logistics,bad_reviews
10,2024,11,21,logistics,key_rate_down
10,2024,11,21,logistics,good_season_boost
10,2024,11,23,retail,good_season_boost
10,2024,11,26,autoservice,bad_reviews
10,2024,11,27,autoservice,new_law
10,2024,11,27,autoservice,inspection
10,2024,11,27,autoservice,viral_marketing
10,2024,11,28,restaurant,raw_materials_up
10,2024,11,32,autoservice,staff_left
10,2024,11,32,autoservice,bad_reviews
10,2024,11,37,restaurant,raw_materials_up
10,2024,11,41,retail,competitor_closed
10,2024,11,45,restaurant,competitor_appeared
10,2024,11,45,restaurant,raw_materials_up
10,2024,11,48,retail,key_rate_down
10,2024,11,49,restaurant,got_grant
10,2024,11,52,retail,raw_materials_up
10,2024,11,53,retail,inspection
10,2024,11,56,restaurant,tax_hike
10,2024,11,57,restaurant,rent_increase
10,2024,11,57,restaurant,raw_materials_up
10,2024,11,58,retail,bad_reviews
10,2024,11,59,autoservice,competitor_closed
10,2024,11,59,autoservice,good_season_boost
10,2024,11,63,restaurant,competitor_closed
10,2024,11,64,retail,competitor_appeared
10,2024,11,67,restaurant,competitor_closed
10,2024,11,71,restaurant,key_rate_down
10,2024,11,73,retail,inspection
10,2024,11,75,logistics,good_season_boost
10,2024,11,77,autoservice,competitor_closed
10,2024,11,77,autoservice,staff_left
10,2024,11,77,autoservice,viral_marketing
10,2024,11,86,retail,staff_left
10,2024,11,86,retail,equipment_breakdown
10,2024,11,89,retail,staff_left
10,2024,11,92,restaurant,competitor_appeared
10,2024,11,92,restaurant,competitor_closed
10,2024,11,92,restaurant,equipment_breakdown
10,2024,11,96,restaurant,staff_left
10,2024,11,96,restaurant,supplier_discount
10,2024,11,97,retail,equipment_breakdown
11,2024,12,1,restaurant,bad_reviews
11,2024,12,7,retail,equipment_breakdown
11,2024,12,16,restaurant,bad_reviews
11,2024,12,16,restaurant,supplier_discount
11,2024,12,19,restaurant,competitor_closed
11,2024,12,20,restaurant,rent_increase
11,2024,12,23,retail,competitor_closed
11,2024,12,27,autoservice,raw_materials_up
11,2024,12,31,autoservice,viral_marketing
11,2024,12,32,autoservice,competitor_closed
11,2024,12,32,autoservice,key_rate_down
11,2024,12,34,logistics,raw_materials_up
11,2024,12,34,logistics,supplier_discount
11,2024,12,36,autoservice,viral_marketing
11,2024,12,37,restaurant,rent_increase
11,2024,12,44,autoservice,raw_materials_up
11,2024,12,46,retail,tax_hike
11,2024,12,46,retail,inspection
11,2024,12,49,restaurant,rent_increase
11,2024,12,49,restaurant,viral_marketing
11,2024,12,52,retail,competitor_closed
11,2024,12,52,retail,tax_hike
11,2024,12,56,restaurant,staff_left
11,2024,12,59,autoservice,competitor_appeared
11,2024,12,59,autoservice,raw_materials_up
11,2024,12,63,restaurant,new_law
11,2024,12,63,restaurant,supplier_discount
11,2024,12,64,retail,viral_marketing
11,2024,12,64,retail,good_season_boost
11,2024,12,69,retail,rent_increase
11,2024,12,71,restaurant,competitor_appeared
11,2024,12,71,restaurant,inspection
11,2024,12,73,retail,raw_materials_up
11,2024,12,73,retail,supplier_discount
11,2024,12,75,logistics,rent_increase
11,2024,12,75,logistics,bad_reviews
11,2024,12,75,logistics,equipment_breakdown
11,2024,12,77,autoservice,raw_materials_up
11,2024,12,80,retail,flood
11,2024,12,89,retail,bad_reviews
11,2024,12,93,restaurant,competitor_appeared
11,2024,12,93,restaurant,raw_materials_up
11,2024,12,93,restaurant,viral_marketing
11,2024,12,96,restaurant,competitor_appeared
11,2024,12,97,retail,supplier_discount
12,2025,1,1,restaurant,rent_increase
12,2025,1,1,restaurant,pandemic_shock
12,2025,1,1,restaurant,new_law
12,2025,1,1,restaurant,supplier_discount
12,2025,1,6,logistics,rent_increase
12,2025,1,6,logistics,equipment_breakdown
12,2025,1,7,retail,competitor_appeared
12,2025,1,7,retail,tax_hike
12,2025,1,11,retail,staff_left
12,2025,1,12,restaurant,bad_reviews
12,2025,1,13,restaurant,staff_left
12,2025,1,13,restaurant,raw_materials_up
12,2025,1,15,retail,supplier_discount
12,2025,1,16,restaurant,competitor_appeared
12,2025,1,16,restaurant,rent_increase
12,2025,1,19,restaurant,raw_materials_up
12,2025,1,20,restaurant,equipment_breakdown
12,2025,1,23,retail,competitor_appeared
12,2025,1,25,restaurant,new_law
12,2025,1,25,restaurant,inspection
12,2025,1,27,autoservice,rent_increase
12,2025,1,36,autoservice,raw_materials_up
12,2025,1,41,retail,competitor_closed
12,2025,1,41,retail,staff_left
12,2025,1,44,autoservice,competitor_appeared
12,2025,1,45,restaurant,rent_increase
12,2025,1,61,restaurant,bad_reviews
12,2025,1,69,retail,rent_increase
12,2025,1,69,retail,raw_materials_up
12,2025,1,69,retail,key_rate_down
12,2025,1,71,restaurant,bad_reviews
12,2025,1,71,restaurant,supplier_discount
12,2025,1,75,logistics,competitor_appeared
12,2025,1,75,logistics,inspection
12,2025,1,75,logistics,key_rate_down
12,2025,1,77,autoservice,staff_left
12,2025,1,77,autoservice,raw_materials_up
12,2025,1,80,retail,rent_increase
12,2025,1,80,retail,viral_marketing
12,2025,1,86,retail,supplier_discount
12,2025,1,88,restaurant,bad_reviews
12,2025,1,92,restaurant,competitor_closed
12,2025,1,92,restaurant,rent_increase
12,2025,1,92,restaurant,raw_materials_up
12,2025,1,93,restaurant,competitor_appeared
12,2025,1,97,retail,staff_left
12,2025,1,97,retail,key_rate_down
13,2025,2,1,restaurant,staff_left
13,2025,2,1,restaurant,bad_reviews
13,2025,2,6,logistics,bad_reviews
13,2025,2,7,retail,equipment_breakdown
13,2025,2,11,retail,rent_increase
13,2025,2,12,restaurant,tax_hike
13,2025,2,15,retail,rent_increase
13,2025,2,15,retail,raw_materials_up
13,2025,2,16,restaurant,competitor_appeared
13,2025,2,36,autoservice,rent_increase
13,2025,2,36,autoservice,got_grant
13,2025,2,41,retail,rent_increase
13,2025,2,42,retail,equipment_breakdown
13,2025,2,44,autoservice,viral_marketing
13,2025,2,45,restaurant,competitor_appeared
13,2025,2,45,restaurant,good_season_boost
13,2025,2,46,retail,competitor_appeared
13,2025,2,57,restaurant,got_grant
13,2025,2,59,autoservice,bad_reviews
13,2025,2,61,restaurant,rent_increase
13,2025,2,65,restaurant,equipment_breakdown
13,2025,2,67,restaurant,good_season_boost
13,2025,2,71,restaurant,raw_materials_up
13,2025,2,73,retail,good_season_boost
13,2025,2,86,retail,got_grant
13,2025,2,86,retail,good_season_boost
13,2025,2,88,restaurant,viral_marketing
13,2025,2,89,retail,staff_left
13,2025,2,96,restaurant,competitor_appeared
13,2025,2,96,restaurant,raw_materials_up
14,2025,3,1,restaurant,staff_left
14,2025,3,4,retail,viral_marketing
14,2025,3,7,retail,competitor_closed
14,2025,3,7,retail,tax_hike
14,2025,3,11,retail,key_rate_down
14,2025,3,11,retail,equipment_breakdown
14,2025,3,13,restaurant,bad_reviews
14,2025,3,16,restaurant,new_law
14,2025,3,19,restaurant,new_law
14,2025,3,19,restaurant,bad_reviews
14,2025,3,20,restaurant,equipment_breakdown
14,2025,3,21,logistics,rent_increase
14,2025,3,23,retail,supplier_discount
14,2025,3,25,restaurant,staff_left
14,2025,3,26,autoservice,competitor_appeared
14,2025,3,26,autoservice,raw_materials_up
14,2025,3,27,autoservice,staff_left
14,2025,3,27,autoservice,raw_materials_up
14,2025,3,28,restaurant,staff_left
14,2025,3,28,restaurant,good_season_boost
14,2025,3,28,restaurant,supplier_discount
14,2025,3,32,autoservice,rent_increase
14,2025,3,36,autoservice,tax_hike
14,2025,3,37,restaurant,rent_increase
14,2025,3,41,retail,competitor_appeared
14,2025,3,44,autoservice,raw_materials_up
14,2025,3,45,restaurant,bad_reviews
14,2025,3,46,retail,competitor_appeared
14,2025,3,46,retail,rent_increase
14,2025,3,48,retail,inspection
14,2025,3,52,retail,competitor_appeared
14,2025,3,52,retail,bad_reviews
14,2025,3,53,retail,competitor_appeared
14,2025,3,53,retail,competitor_closed
14,2025,3,56,restaurant,good_season_boost
14,2025,3,59,autoservice,raw_materials_up
14,2025,3,61,restaurant,good_season_boost
14,2025,3,64,retail,new_law
14,2025,3,71,restaurant,competitor_closed
14,2025,3,73,retail,bad_reviews
14,2025,3,77,autoservice,viral_marketing
14,2025,3,86,retail,new_law
14,2025,3,86,retail,bad_reviews
14,2025,3,89,retail,rent_increase
14,2025,3,97,retail,competitor_appeared
14,2025,3,97,retail,raw_materials_up
14,2025,3,97,retail,inspection
14,2025,3,97,retail,got_grant
15,2025,4,11,retail,viral_marketing
15,2025,4,12,restaurant,competitor_closed
15,2025,4,12,restaurant,got_investment
15,2025,4,13,restaurant,bad_reviews
15,2025,4,16,restaurant,competitor_appeared
15,2025,4,16,restaurant,staff_left
15,2025,4,16,restaurant,inspection
15,2025,4,20,restaurant,competitor_appeared
15,2025,4,20,restaurant,staff_left
15,2025,4,21,logistics,bad_reviews
15,2025,4,23,retail,competitor_closed
15,2025,4,23,retail,raw_materials_up
15,2025,4,23,retail,bad_reviews
15,2025,4,26,autoservice,raw_materials_up
15,2025,4,26,autoservice,key_rate_down
15,2025,4,27,autoservice,supplier_discount
15,2025,4,28,restaurant,viral_marketing
15,2025,4,28,restaurant,key_rate_down
15,2025,4,32,autoservice,flood
15,2025,4,32,autoservice,supplier_discount
15,2025,4,37,restaurant,competitor_closed
15,2025,4,37,restaurant,raw_materials_up
15,2025,4,37,restaurant,new_law
15,2025,4,42,retail,key_rate_down
15,2025,4,45,restaurant,competitor_appeared
15,2025,4,45,restaurant,inspection
15,2025,4,46,retail,good_season_boost
15,2025,4,48,retail,got_grant
15,2025,4,49,restaurant,good_season_boost
15,2025,4,52,retail,competitor_closed
15,2025,4,57,restaurant,viral_marketing
15,2025,4,61,restaurant,key_rate_down
15,2025,4,64,retail,inspection
15,2025,4,65,restaurant,good_season_boost
15,2025,4,67,restaurant,rent_increase
15,2025,4,67,restaurant,viral_marketing
15,2025,4,69,retail,raw_materials_up
15,2025,4,73,retail,raw_materials_up
15,2025,4,77,autoservice,staff_left
15,2025,4,77,autoservice,rent_increase
15,2025,4,80,retail,staff_left
15,2025,4,80,retail,new_law
15,2025,4,96,restaurant,rent_increase
16,2025,5,1,restaurant,raw_materials_up
16,2025,5,4,retail,tax_hike
16,2025,5,7,retail,rent_increase
16,2025,5,13,restaurant,bad_reviews
16,2025,5,15,retail,raw_materials_up
16,2025,5,16,restaurant,competitor_appeared
16,2025,5,16,restaurant,tax_hike
16,2025,5,19,restaurant,bad_reviews
16,2025,5,19,restaurant,good_season_boost
16,2025,5,25,restaurant,bad_reviews
16,2025,5,25,restaurant,viral_marketing
16,2025,5,27,autoservice,supplier_discount
16,2025,5,28,restaurant,staff_left
16,2025,5,28,restaurant,tax_hike
16,2025,5,37,restaurant,inspection
16,2025,5,41,retail,raw_materials_up
16,2025,5,41,retail,tax_hike
16,2025,5,45,restaurant,raw_materials_up
16,2025,5,48,retail,competitor_appeared
16,2025,5,48,retail,staff_left
16,2025,5,48,retail,key_rate_down
16,2025,5,52,retail,staff_left
16,2025,5,52,retail,supplier_discount
16,2025,5,53,retail,pandemic_shock
16,2025,5,53,retail,new_law
16,2025,5,57,restaurant,competitor_closed
16,2025,5,57,restaurant,supplier_discount
16,2025,5,64,retail,bad_reviews
16,2025,5,64,retail,supplier_discount
16,2025,5,65,restaurant,good_season_boost
16,2025,5,67,restaurant,competitor_appeared
16,2025,5,67,restaurant,raw_materials_up
16,2025,5,73,retail,raw_materials_up
16,2025,5,77,autoservice,rent_increase
16,2025,5,80,retail,competitor_appeared
16,2025,5,80,retail,inspection
16,2025,5,86,retail,competitor_appeared
16,2025,5,86,retail,competitor_closed
16,2025,5,86,retail,rent_increase
16,2025,5,89,retail,competitor_closed
16,2025,5,92,restaurant,competitor_closed
16,2025,5,92,restaurant,got_grant
16,2025,5,93,restaurant,competitor_closed
16,2025,5,93,restaurant,bad_reviews
16,2025,5,97,retail,equipment_breakdown
17,2025,6,4,retail,viral_marketing
17,2025,6,7,retail,viral_marketing
17,2025,6,11,retail,equipment_breakdown
17,2025,6,12,restaurant,competitor_closed
17,2025,6,13,restaurant,viral_marketing
17,2025,6,15,retail,supplier_discount
17,2025,6,19,restaurant,competitor_appeared
17,2025,6,23,retail,staff_left
17,2025,6,23,retail,new_law
17,2025,6,23,retail,good_season_boost
17,2025,6,28,restaurant,inspection
17,2025,6,28,restaurant,got_grant
17,2025,6,32,autoservice,tax_hike
17,2025,6,37,restaurant,bad_reviews
17,2025,6,41,retail,competitor_appeared
17,2025,6,42,retail,viral_marketing
17,2025,6,48,retail,tax_hike
17,2025,6,49,restaurant,staff_left
17,2025,6,49,restaurant,rent_increase
17,2025,6,49,restaurant,got_investment
17,2025,6,53,retail,competitor_closed
17,2025,6,53,retail,inspection
17,2025,6,56,restaurant,competitor_closed
17,2025,6,56,restaurant,viral_marketing
17,2025,6,57,restaurant,raw_materials_up
17,2025,6,57,restaurant,viral_marketing
17,2025,6,57,restaurant,key_rate_down
17,2025,6,58,retail,new_law
17,2025,6,61,restaurant,key_rate_down
17,2025,6,65,restaurant,competitor_appeared
17,2025,6,69,retail,bad_reviews
17,2025,6,77,autoservice,good_season_boost
17,2025,6,80,retail,key_rate_down
17,2025,6,86,retail,good_season_boost
17,2025,6,92,restaurant,tax_hike
17,2025,6,92,restaurant,key_rate_down
18,2025,7,13,restaurant,raw_materials_up
18,2025,7,15,retail,rent_increase
18,2025,7,26,autoservice,staff_left
18,2025,7,27,autoservice,bad_reviews
18,2025,7,28,restaurant,rent_increase
18,2025,7,28,restaurant,bad_reviews
18,2025,7,37,restaurant,competitor_appeared
18,2025,7,37,restaurant,rent_increase
18,2025,7,42,retail,rent_increase
18,2025,7,45,restaurant,competitor_appeared
18,2025,7,48,retail,rent_increase
18,2025,7,49,restaurant,raw_materials_up
18,2025,7,49,restaurant,viral_marketing
18,2025,7,49,restaurant,key_rate_down
18,2025,7,57,restaurant,rent_increase
18,2025,7,61,restaurant,pandemic_shock
18,2025,7,64,retail,raw_materials_up
18,2025,7,67,restaurant,new_law
18,2025,7,67,restaurant,good_season_boost
18,2025,7,77,autoservice,key_rate_down
18,2025,7,88,restaurant,raw_materials_up
18,2025,7,88,restaurant,good_season_boost
18,2025,7,92,restaurant,got_grant
18,2025,7,93,restaurant,rent_increase
19,2025,8,11,retail,key_rate_down
19,2025,8,12,restaurant,bad_reviews
19,2025,8,13,restaurant,competitor_appeared
19,2025,8,13,restaurant,bad_reviews
19,2025,8,15,retail,staff_left
19,2025,8,16,restaurant,competitor_appeared
19,2025,8,16,restaurant,supplier_discount
19,2025,8,19,restaurant,competitor_appeared
19,2025,8,23,retail,rent_increase
19,2025,8,26,autoservice,competitor_appeared
19,2025,8,26,autoservice,competitor_closed
19,2025,8,27,autoservice,competitor_closed
19,2025,8,27,autoservice,inspection
19,2025,8,28,restaurant,competitor_closed
19,2025,8,37,restaurant,competitor_appeared
19,2025,8,42,retail,rent_increase
19,2025,8,42,retail,inspection
19,2025,8,45,restaurant,competitor_appeared
19,2025,8,45,restaurant,inspection
19,2025,8,45,restaurant,got_investment
19,2025,8,49,restaurant,got_grant
19,2025,8,53,retail,raw_materials_up
19,2025,8,53,retail,equipment_breakdown
19,2025,8,53,retail,good_season_boost
19,2025,8,56,restaurant,competitor_appeared
19,2025,8,56,restaurant,raw_materials_up
19,2025,8,58,retail,staff_left
19,2025,8,65,restaurant,competitor_appeared
19,2025,8,67,restaurant,competitor_closed
19,2025,8,67,restaurant,raw_materials_up
19,2025,8,69,retail,competitor_appeared
19,2025,8,69,retail,raw_materials_up
19,2025,8,73,retail,supplier_discount
19,2025,8,88,restaurant,raw_materials_up
19,2025,8,88,restaurant,tax_hike
19,2025,8,88,restaurant,equipment_breakdown
19,2025,8,92,restaurant,competitor_closed
19,2025,8,92,restaurant,bad_reviews
19,2025,8,97,retail,raw_materials_up
20,2025,9,1,restaurant,competitor_closed
20,2025,9,1,restaurant,bad_reviews
20,2025,9,1,restaurant,viral_marketing
20,2025,9,4,retail,inspection
20,2025,9,7,retail,flood
20,2025,9,11,retail,competitor_appeared
20,2025,9,11,retail,competitor_closed
20,2025,9,11,retail,inspection
20,2025,9,11,retail,bad_reviews
20,2025,9,11,retail,supplier_discount
20,2025,9,13,restaurant,rent_increase
20,2025,9,16,restaurant,rent_increase
20,2025,9,19,restaurant,competitor_closed
20,2025,9,19,restaurant,raw_materials_up
20,2025,9,25,restaurant,rent_increase
20,2025,9,25,restaurant,new_law
20,2025,9,26,autoservice,staff_left
20,2025,9,26,autoservice,bad_reviews
20,2025,9,27,autoservice,tax_hike
20,2025,9,27,autoservice,key_rate_down
20,2025,9,28,restaurant,bad_reviews
20,2025,9,42,retail,competitor_appeared
20,2025,9,42,retail,viral_marketing
20,2025,9,45,restaurant,competitor_appeared
20,2025,9,46,retail,raw_materials_up
20,2025,9,46,retail,viral_marketing
20,2025,9,49,restaurant,competitor_appeared
20,2025,9,49,restaurant,viral_marketing
20,2025,9,52,retail,raw_materials_up
20,2025,9,52,retail,bad_reviews
20,2025,9,53,retail,bad_reviews
20,2025,9,57,restaurant,raw_materials_up
20,2025,9,65,restaurant,got_grant
20,2025,9,77,autoservice,flood
20,2025,9,86,retail,good_season_boost
20,2025,9,88,restaurant,got_grant
20,2025,9,88,restaurant,equipment_breakdown
20,2025,9,93,restaurant,staff_left
20,2025,9,97,retail,competitor_appeared
20,2025,9,97,retail,equipment_breakdown
21,2025,10,1,restaurant,equipment_breakdown
21,2025,10,1,restaurant,supplier_discount
21,2025,10,4,retail,key_rate_down
21,2025,10,4,retail,supplier_discount
21,2025,10,7,retail,competitor_appeared
21,2025,10,7,retail,good_season_boost
21,2025,10,11,retail,rent_increase
21,2025,10,12,restaurant,tax_hike
21,2025,10,19,restaurant,competitor_closed
21,2025,10,19,restaurant,viral_marketing
21,2025,10,19,restaurant,key_rate_down
21,2025,10,25,restaurant,staff_left
21,2025,10,26,autoservice,staff_left
21,2025,10,27,autoservice,equipment_breakdown
21,2025,10,28,restaurant,key_rate_down
21,2025,10,37,restaurant,raw_materials_up
21,2025,10,41,retail,competitor_closed
21,2025,10,41,retail,flood
21,2025,10,41,retail,got_investment
21,2025,10,42,retail,inspection
21,2025,10,45,restaurant,rent_increase
21,2025,10,49,restaurant,new_law
21,2025,10,52,retail,staff_left
21,2025,10,52,retail,inspection
21,2025,10,56,restaurant,staff_left
21,2025,10,57,restaurant,raw_materials_up
21,2025,10,57,restaurant,inspection
21,2025,10,58,retail,key_rate_down
21,2025,10,61,restaurant,rent_increase
21,2025,10,64,retail,equipment_breakdown
21,2025,10,73,retail,bad_reviews
21,2025,10,88,restaurant,rent_increase
21,2025,10,89,retail,competitor_closed
21,2025,10,89,retail,inspection
21,2025,10,89,retail,good_season_boost
22,2025,11,4,retail,inspection
22,2025,11,11,retail,rent_increase
22,2025,11,13,restaurant,flood
22,2025,11,15,retail,competitor_closed
22,2025,11,15,retail,rent_increase
22,2025,11,16,restaurant,raw_materials_up
22,2025,11,19,restaurant,inspection
22,2025,11,23,retail,competitor_appeared
22,2025,11,23,retail,equipment_breakdown
22,2025,11,25,restaurant,raw_materials_up
22,2025,11,26,autoservice,staff_left
22,2025,11,41,retail,inspection
22,2025,11,46,retail,rent_increase
22,2025,11,46,retail,viral_marketing
22,2025,11,48,retail,viral_marketing
22,2025,11,52,retail,viral_marketing
22,2025,11,53,retail,equipment_breakdown
22,2025,11,57,restaurant,bad_reviews
22,2025,11,61,restaurant,new_law
22,2025,11,64,retail,new_law
22,2025,11,65,restaurant,competitor_closed
22,2025,11,73,retail,raw_materials_up
22,2025,11,77,autoservice,staff_left
22,2025,11,77,autoservice,supplier_discount
22,2025,11,88,restaurant,competitor_closed
22,2025,11,88,restaurant,rent_increase
22,2025,11,93,restaurant,competitor_appeared
23,2025,12,4,retail,raw_materials_up
23,2025,12,4,retail,new_law
23,2025,12,7,retail,staff_left
23,2025,12,7,retail,raw_materials_up
23,2025,12,7,retail,inspection
23,2025,12,11,retail,tax_hike
23,2025,12,12,restaurant,rent_increase
23,2025,12,12,restaurant,inspection
23,2025,12,12,restaurant,bad_reviews
23,2025,12,16,restaurant,tax_hike
23,2025,12,19,restaurant,competitor_appeared
23,2025,12,23,retail,bad_reviews
23,2025,12,23,retail,equipment_breakdown
23,2025,12,25,restaurant,bad_reviews
23,2025,12,27,autoservice,bad_reviews
23,2025,12,28,restaurant,competitor_appeared
23,2025,12,37,restaurant,bad_reviews
23,2025,12,42,retail,rent_increase
23,2025,12,45,restaurant,competitor_appeared
23,2025,12,49,restaurant,equipment_breakdown
23,2025,12,53,retail,supplier_discount
23,2025,12,67,restaurant,staff_left
23,2025,12,80,retail,raw_materials_up
23,2025,12,89,retail,raw_materials_up
24,2026,1,7,retail,viral_marketing
24,2026,1,12,restaurant,competitor_closed
24,2026,1,13,restaurant,viral_marketing
24,2026,1,13,restaurant,good_season_boost
24,2026,1,15,retail,staff_left
24,2026,1,25,restaurant,good_season_boost
24,2026,1,26,autoservice,got_investment
24,2026,1,26,autoservice,equipment_breakdown
24,2026,1,27,autoservice,staff_left
24,2026,1,27,autoservice,new_law
24,2026,1,27,autoservice,supplier_discount
24,2026,1,41,retail,inspection
24,2026,1,42,retail,raw_materials_up
24,2026,1,46,retail,competitor_closed
24,2026,1,48,retail,raw_materials_up
24,2026,1,49,restaurant,bad_reviews
24,2026,1,53,retail,new_law
24,2026,1,56,restaurant,competitor_closed
24,2026,1,56,restaurant,raw_materials_up
24,2026,1,67,restaurant,inspection
24,2026,1,77,autoservice,inspection
24,2026,1,86,retail,viral_marketing
24,2026,1,86,retail,supplier_discount
24,2026,1,88,restaurant,competitor_closed
24,2026,1,89,retail,competitor_appeared
24,2026,1,93,restaurant,inspection
24,2026,1,93,restaurant,good_season_boost
25,2026,2,7,retail,competitor_appeared
25,2026,2,7,retail,competitor_closed
25,2026,2,15,retail,staff_left
25,2026,2,15,retail,inspection
25,2026,2,15,retail,key_rate_down
25,2026,2,19,restaurant,supplier_discount
25,2026,2,23,retail,got_investment
25,2026,2,25,restaurant,bad_reviews
25,2026,2,26,autoservice,competitor_closed
25,2026,2,27,autoservice,raw_materials_up
25,2026,2,27,autoservice,flood
25,2026,2,28,restaurant,raw_materials_up
25,2026,2,37,restaurant,equipment_breakdown
25,2026,2,41,retail,equipment_breakdown
25,2026,2,41,retail,supplier_discount
25,2026,2,42,retail,flood
25,2026,2,46,retail,staff_left
25,2026,2,48,retail,competitor_closed
25,2026,2,52,retail,bad_reviews
25,2026,2,58,retail,raw_materials_up
25,2026,2,61,restaurant,viral_marketing
25,2026,2,65,restaurant,inspection
25,2026,2,73,retail,raw_materials_up
25,2026,2,77,autoservice,bad_reviews
25,2026,2,88,restaurant,raw_materials_up
25,2026,2,88,restaurant,bad_reviews
25,2026,2,88,restaurant,good_season_boost
25,2026,2,89,retail,new_law
25,2026,2,93,restaurant,inspection
26,2026,3,4,retail,good_season_boost
26,2026,3,11,retail,competitor_appeared
26,2026,3,12,restaurant,new_law
26,2026,3,13,restaurant,bad_reviews
26,2026,3,19,restaurant,raw_materials_up
26,2026,3,23,retail,tax_hike
26,2026,3,25,restaurant,competitor_closed
26,2026,3,25,restaurant,staff_left
26,2026,3,25,restaurant,viral_marketing
26,2026,3,26,autoservice,pandemic_shock
26,2026,3,26,autoservice,equipment_breakdown
26,2026,3,26,autoservice,good_season_boost
26,2026,3,27,autoservice,bad_reviews
26,2026,3,28,restaurant,got_investment
26,2026,3,37,restaurant,viral_marketing
26,2026,3,41,retail,raw_materials_up
26,2026,3,45,restaurant,competitor_appeared
26,2026,3,46,retail,staff_left
26,2026,3,46,retail,tax_hike
26,2026,3,46,retail,equipment_breakdown
26,2026,3,58,retail,competitor_appeared
26,2026,3,64,retail,raw_materials_up
26,2026,3,64,retail,pandemic_shock
26,2026,3,64,retail,new_law
26,2026,3,64,retail,supplier_discount
26,2026,3,65,restaurant,competitor_closed
26,2026,3,65,restaurant,got_grant
26,2026,3,73,retail,new_law
26,2026,3,77,autoservice,competitor_appeared
26,2026,3,80,retail,supplier_discount
26,2026,3,89,retail,competitor_appeared
27,2026,4,7,retail,competitor_appeared
27,2026,4,11,retail,bad_reviews
27,2026,4,16,restaurant,rent_increase
27,2026,4,16,restaurant,supplier_discount
27,2026,4,19,restaurant,bad_reviews
27,2026,4,25,restaurant,rent_increase
27,2026,4,26,autoservice,staff_left
27,2026,4,28,restaurant,equipment_breakdown
27,2026,4,41,retail,tax_hike
27,2026,4,41,retail,supplier_discount
27,2026,4,46,retail,staff_left
27,2026,4,46,retail,raw_materials_up
27,2026,4,52,retail,competitor_appeared
27,2026,4,52,retail,inspection
27,2026,4,52,retail,bad_reviews
27,2026,4,56,restaurant,competitor_appeared
27,2026,4,57,restaurant,rent_increase
27,2026,4,61,restaurant,competitor_appeared
27,2026,4,61,restaurant,rent_increase
27,2026,4,64,retail,new_law
27,2026,4,65,restaurant,competitor_appeared
27,2026,4,65,restaurant,staff_left
27,2026,4,73,retail,supplier_discount
27,2026,4,86,retail,staff_left
27,2026,4,88,restaurant,equipment_breakdown
27,2026,4,89,retail,bad_reviews
27,2026,4,93,restaurant,competitor_appeared
28,2026,5,11,retail,staff_left
28,2026,5,13,restaurant,competitor_appeared
28,2026,5,13,restaurant,rent_increase
28,2026,5,15,retail,rent_increase
28,2026,5,19,restaurant,rent_increase
28,2026,5,19,restaurant,viral_marketing
28,2026,5,25,restaurant,viral_marketing
28,2026,5,25,restaurant,equipment_breakdown
28,2026,5,26,autoservice,key_rate_down
28,2026,5,27,autoservice,key_rate_down
28,2026,5,28,restaurant,raw_materials_up
28,2026,5,42,retail,inspection
28,2026,5,42,retail,viral_marketing
28,2026,5,42,retail,key_rate_down
28,2026,5,46,retail,key_rate_down
28,2026,5,46,retail,good_season_boost
28,2026,5,52,retail,raw_materials_up
28,2026,5,56,restaurant,competitor_appeared
28,2026,5,56,restaurant,good_season_boost
28,2026,5,57,restaurant,flood
28,2026,5,58,retail,viral_marketing
28,2026,5,58,retail,good_season_boost
28,2026,5,61,restaurant,competitor_appeared
28,2026,5,61,restaurant,viral_marketing
28,2026,5,64,retail,competitor_appeared
28,2026,5,64,retail,supplier_discount
28,2026,5,67,restaurant,competitor_appeared
28,2026,5,67,restaurant,staff_left
28,2026,5,67,restaurant,raw_materials_up
28,2026,5,77,autoservice,got_investment
28,2026,5,89,retail,key_rate_down
28,2026,5,89,retail,good_season_boost
28,2026,5,93,restaurant,raw_materials_up
29,2026,6,4,retail,tax_hike
29,2026,6,11,retail,competitor_appeared
29,2026,6,12,restaurant,staff_left
29,2026,6,13,restaurant,flood
29,2026,6,16,restaurant,raw_materials_up
29,2026,6,16,restaurant,bad_reviews
29,2026,6,19,restaurant,staff_left
29,2026,6,23,retail,raw_materials_up
29,2026,6,25,restaurant,bad_reviews
29,2026,6,27,autoservice,new_law
29,2026,6,42,retail,competitor_appeared
29,2026,6,52,retail,staff_left
29,2026,6,52,retail,raw_materials_up
29,2026,6,52,retail,new_law
29,2026,6,57,restaurant,rent_increase
29,2026,6,57,restaurant,raw_materials_up
29,2026,6,57,restaurant,bad_reviews
29,2026,6,58,retail,competitor_appeared
29,2026,6,58,retail,viral_marketing
29,2026,6,61,restaurant,equipment_breakdown
29,2026,6,65,restaurant,got_investment
29,2026,6,67,restaurant,competitor_appeared
29,2026,6,67,restaurant,rent_increase
29,2026,6,73,retail,competitor_closed
29,2026,6,77,autoservice,good_season_boost
29,2026,6,86,retail,competitor_closed
29,2026,6,93,restaurant,competitor_closed
30,2026,7,7,retail,got_grant
30,2026,7,7,retail,supplier_discount
30,2026,7,12,restaurant,rent_increase
30,2026,7,12,restaurant,raw_materials_up
30,2026,7,12,restaurant,got_investment
30,2026,7,16,restaurant,competitor_appeared
30,2026,7,16,restaurant,viral_marketing
30,2026,7,19,restaurant,staff_left
30,2026,7,19,restaurant,got_grant
30,2026,7,23,retail,got_grant
30,2026,7,25,restaurant,raw_materials_up
30,2026,7,26,autoservice,supplier_discount
30,2026,7,27,autoservice,raw_materials_up
30,2026,7,27,autoservice,bad_reviews
30,2026,7,28,restaurant,good_season_boost
30,2026,7,37,restaurant,competitor_closed
30,2026,7,37,restaurant,supplier_discount
30,2026,7,41,retail,new_law
30,2026,7,45,restaurant,competitor_appeared
30,2026,7,45,restaurant,inspection
30,2026,7,46,retail,supplier_discount
30,2026,7,52,retail,staff_left
30,2026,7,57,restaurant,viral_marketing
30,2026,7,58,retail,bad_reviews
30,2026,7,64,retail,rent_increase
30,2026,7,65,restaurant,key_rate_down
30,2026,7,67,restaurant,rent_increase
30,2026,7,77,autoservice,staff_left
30,2026,7,88,restaurant,staff_left
30,2026,7,88,restaurant,bad_reviews
30,2026,7,89,retail,new_law
31,2026,8,4,retail,supplier_discount
31,2026,8,11,retail,competitor_appeared
31,2026,8,11,retail,tax_hike
31,2026,8,13,restaurant,competitor_appeared
31,2026,8,13,restaurant,bad_reviews
31,2026,8,15,retail,new_law
31,2026,8,16,restaurant,rent_increase
31,2026,8,19,restaurant,viral_marketing
31,2026,8,23,retail,competitor_closed
31,2026,8,23,retail,good_season_boost
31,2026,8,25,restaurant,staff_left
31,2026,8,26,autoservice,competitor_closed
31,2026,8,26,autoservice,inspection
31,2026,8,28,restaurant,staff_left
31,2026,8,37,restaurant,competitor_appeared
31,2026,8,37,restaurant,bad_reviews
31,2026,8,42,retail,good_season_boost
31,2026,8,45,restaurant,raw_materials_up
31,2026,8,56,restaurant,competitor_appeared
31,2026,8,56,restaurant,viral_marketing
31,2026,8,57,restaurant,raw_materials_up
31,2026,8,61,restaurant,viral_marketing
31,2026,8,64,retail,tax_hike
31,2026,8,65,restaurant,key_rate_down
31,2026,8,67,restaurant,inspection
31,2026,8,67,restaurant,key_rate_down
31,2026,8,73,retail,competitor_appeared
31,2026,8,77,autoservice,equipment_breakdown
31,2026,8,80,retail,raw_materials_up
31,2026,8,80,retail,good_season_boost
31,2026,8,86,retail,bad_reviews
31,2026,8,88,restaurant,competitor_appeared
31,2026,8,88,restaurant,bad_reviews
32,2026,9,7,retail,key_rate_down
32,2026,9,12,restaurant,staff_left
32,2026,9,12,restaurant,supplier_discount
32,2026,9,13,restaurant,competitor_appeared
32,2026,9,13,restaurant,staff_left
32,2026,9,13,restaurant,rent_increase
32,2026,9,13,restaurant,good_season_boost
32,2026,9,15,retail,tax_hike
32,2026,9,16,restaurant,competitor_appeared
32,2026,9,16,restaurant,staff_left
32,2026,9,16,restaurant,rent_increase
32,2026,9,19,restaurant,competitor_appeared
32,2026,9,19,restaurant,rent_increase
32,2026,9,25,restaurant,got_grant
32,2026,9,28,restaurant,rent_increase
32,2026,9,41,retail,raw_materials_up
32,2026,9,42,retail,equipment_breakdown
32,2026,9,48,retail,raw_materials_up
32,2026,9,53,retail,good_season_boost
32,2026,9,56,restaurant,staff_left
32,2026,9,56,restaurant,new_law
32,2026,9,57,restaurant,rent_increase
32,2026,9,57,restaurant,pandemic_shock
32,2026,9,57,restaurant,key_rate_down
32,2026,9,61,restaurant,inspection
32,2026,9,64,retail,bad_reviews
32,2026,9,65,restaurant,competitor_appeared
32,2026,9,73,retail,supplier_discount
32,2026,9,88,restaurant,raw_materials_up
33,2026,10,7,retail,bad_reviews
33,2026,10,11,retail,bad_reviews
33,2026,10,12,restaurant,inspection
33,2026,10,16,restaurant,competitor_closed
33,2026,10,16,restaurant,bad_reviews
33,2026,10,16,restaurant,equipment_breakdown
33,2026,10,19,restaurant,viral_marketing
33,2026,10,19,restaurant,got_investment
33,2026,10,23,retail,viral_marketing
33,2026,10,26,autoservice,supplier_discount
33,2026,10,28,restaurant,inspection
33,2026,10,37,restaurant,raw_materials_up
33,2026,10,37,restaurant,new_law
33,2026,10,41,retail,key_rate_down
33,2026,10,45,restaurant,competitor_appeared
33,2026,10,46,retail,competitor_appeared
33,2026,10,48,retail,got_investment
33,2026,10,49,restaurant,bad_reviews
33,2026,10,49,restaurant,got_investment
33,2026,10,52,retail,competitor_appeared
33,2026,10,52,retail,viral_marketing
33,2026,10,53,retail,inspection
33,2026,10,53,retail,good_season_boost
33,2026,10,56,restaurant,tax_hike
33,2026,10,58,retail,inspection
33,2026,10,61,restaurant,competitor_appeared
33,2026,10,61,restaurant,bad_reviews
33,2026,10,64,retail,good_season_boost
33,2026,10,65,restaurant,key_rate_down
33,2026,10,67,restaurant,bad_reviews
33,2026,10,73,retail,new_law
33,2026,10,73,retail,bad_reviews
33,2026,10,80,retail,bad_reviews
33,2026,10,86,retail,tax_hike
33,2026,10,88,restaurant,got_investment
33,2026,10,89,retail,competitor_closed
33,2026,10,89,retail,bad_reviews
34,2026,11,4,retail,rent_increase
34,2026,11,11,retail,competitor_closed
34,2026,11,11,retail,staff_left
34,2026,11,11,retail,key_rate_down
34,2026,11,12,restaurant,competitor_appeared
34,2026,11,12,restaurant,supplier_discount
34,2026,11,15,retail,tax_hike
34,2026,11,23,retail,competitor_appeared
34,2026,11,23,retail,good_season_boost
34,2026,11,25,restaurant,staff_left
34,2026,11,26,autoservice,rent_increase
34,2026,11,28,restaurant,competitor_closed
34,2026,11,28,restaurant,staff_left
34,2026,11,28,restaurant,rent_increase
34,2026,11,37,restaurant,raw_materials_up
34,2026,11,37,restaurant,viral_marketing
34,2026,11,37,restaurant,equipment_breakdown
34,2026,11,48,retail,rent_increase
34,2026,11,53,retail,competitor_appeared
34,2026,11,53,retail,rent_increase
34,2026,11,58,retail,viral_marketing
34,2026,11,64,retail,equipment_breakdown
34,2026,11,67,restaurant,rent_increase
34,2026,11,73,retail,raw_materials_up
34,2026,11,77,autoservice,key_rate_down
34,2026,11,80,retail,supplier_discount
34,2026,11,88,restaurant,viral_marketing
34,2026,11,89,retail,raw_materials_up
35,2026,12,4,retail,staff_left
35,2026,12,11,retail,rent_increase
35,2026,12,11,retail,inspection
35,2026,12,11,retail,bad_reviews
35,2026,12,12,restaurant,raw_materials_up
35,2026,12,12,restaurant,supplier_discount
35,2026,12,13,restaurant,bad_reviews
35,2026,12,16,restaurant,good_season_boost
35,2026,12,23,retail,competitor_appeared
35,2026,12,25,restaurant,competitor_appeared
35,2026,12,25,restaurant,rent_increase
35,2026,12,42,retail,competitor_appeared
35,2026,12,42,retail,got_grant
35,2026,12,49,restaurant,staff_left
35,2026,12,53,retail,rent_increase
35,2026,12,53,retail,inspection
35,2026,12,53,retail,supplier_discount
35,2026,12,56,restaurant,competitor_closed
35,2026,12,56,restaurant,staff_left
35,2026,12,61,restaurant,new_law
35,2026,12,65,restaurant,inspection
35,2026,12,67,restaurant,staff_left
35,2026,12,73,retail,supplier_discount
35,2026,12,77,autoservice,inspection
35,2026,12,88,restaurant,new_law
35,2026,12,88,restaurant,bad_reviews
35,2026,12,89,retail,competitor_appeared
35,2026,12,89,retail,raw_materials_up
35,2026,12,93,restaurant,pandemic_shock
35,2026,12,93,restaurant,key_rate_down
36,2027,1,4,retail,rent_increase
36,2027,1,4,retail,got_grant
36,2027,1,7,retail,raw_materials_up
36,2027,1,12,restaurant,new_law
36,2027,1,12,restaurant,tax_hike
36,2027,1,16,restaurant,competitor_appeared
36,2027,1,37,restaurant,supplier_discount
36,2027,1,41,retail,competitor_appeared
36,2027,1,41,retail,rent_increase
36,2027,1,45,restaurant,competitor_closed
36,2027,1,45,restaurant,staff_left
36,2027,1,46,retail,new_law
36,2027,1,49,restaurant,viral_marketing
36,2027,1,52,retail,new_law
36,2027,1,53,retail,competitor_closed
36,2027,1,53,retail,rent_increase
36,2027,1,53,retail,bad_reviews
36,2027,1,64,retail,bad_reviews
36,2027,1,65,restaurant,rent_increase
36,2027,1,67,restaurant,got_grant
36,2027,1,67,restaurant,supplier_discount
36,2027,1,73,retail,competitor_closed
36,2027,1,86,retail,competitor_appeared
36,2027,1,93,restaurant,competitor_appeared
37,2027,2,12,restaurant,rent_increase
37,2027,2,15,retail,competitor_closed
37,2027,2,19,restaurant,got_investment
37,2027,2,25,restaurant,competitor_closed
37,2027,2,25,restaurant,viral_marketing
37,2027,2,28,restaurant,competitor_appeared
37,2027,2,28,restaurant,rent_increase
37,2027,2,28,restaurant,new_law
37,2027,2,42,retail,rent_increase
37,2027,2,42,retail,equipment_breakdown
37,2027,2,46,retail,equipment_breakdown
37,2027,2,48,retail,raw_materials_up
37,2027,2,49,restaurant,new_law
37,2027,2,49,restaurant,inspection
37,2027,2,53,retail,supplier_discount
37,2027,2,57,restaurant,flood
37,2027,2,58,retail,inspection
37,2027,2,65,restaurant,raw_materials_up
37,2027,2,65,restaurant,good_season_boost
37,2027,2,67,restaurant,viral_marketing
37,2027,2,67,restaurant,key_rate_down
37,2027,2,67,restaurant,equipment_breakdown
37,2027,2,73,retail,good_season_boost
37,2027,2,77,autoservice,bad_reviews
37,2027,2,80,retail,inspection
37,2027,2,89,retail,bad_reviews
37,2027,2,93,restaurant,viral_marketing
38,2027,3,4,retail,raw_materials_up
38,2027,3,11,retail,staff_left
38,2027,3,11,retail,got_investment
38,2027,3,16,restaurant,rent_increase
38,2027,3,19,restaurant,key_rate_down
38,2027,3,19,restaurant,supplier_discount
38,2027,3,25,restaurant,got_investment
38,2027,3,28,restaurant,competitor_closed
38,2027,3,37,restaurant,raw_materials_up
38,2027,3,41,retail,pandemic_shock
38,2027,3,42,retail,raw_materials_up
38,2027,3,42,retail,good_season_boost
38,2027,3,45,restaurant,viral_marketing
38,2027,3,49,restaurant,rent_increase
38,2027,3,53,retail,raw_materials_up
38,2027,3,53,retail,equipment_breakdown
38,2027,3,56,restaurant,competitor_closed
38,2027,3,56,restaurant,good_season_boost
38,2027,3,57,restaurant,competitor_appeared
38,2027,3,57,restaurant,staff_left
38,2027,3,57,restaurant,equipment_breakdown
38,2027,3,64,retail,viral_marketing
38,2027,3,67,restaurant,bad_reviews
38,2027,3,73,retail,competitor_appeared
38,2027,3,77,autoservice,raw_materials_up
38,2027,3,86,retail,staff_left
38,2027,3,86,retail,rent_increase
38,2027,3,88,restaurant,new_law
38,2027,3,93,restaurant,competitor_closed
38,2027,3,93,restaurant,staff_left
39,2027,4,4,retail,staff_left
39,2027,4,11,retail,bad_reviews
39,2027,4,16,restaurant,bad_reviews
39,2027,4,16,restaurant,viral_marketing
39,2027,4,19,restaurant,bad_reviews
39,2027,4,23,retail,competitor_closed
39,2027,4,25,restaurant,equipment_breakdown
39,2027,4,28,restaurant,got_grant
39,2027,4,42,retail,staff_left
39,2027,4,42,retail,raw_materials_up
39,2027,4,45,restaurant,raw_materials_up
39,2027,4,45,restaurant,pandemic_shock
39,2027,4,45,restaurant,key_rate_down
39,2027,4,46,retail,raw_materials_up
39,2027,4,49,restaurant,competitor_appeared
39,2027,4,56,restaurant,competitor_appeared
39,2027,4,56,restaurant,raw_materials_up
39,2027,4,56,restaurant,supplier_discount
39,2027,4,57,restaurant,raw_materials_up
39,2027,4,58,retail,equipment_breakdown
39,2027,4,64,retail,competitor_appeared
39,2027,4,64,retail,staff_left
39,2027,4,64,retail,raw_materials_up
39,2027,4,65,restaurant,got_grant
39,2027,4,65,restaurant,good_season_boost
39,2027,4,65,restaurant,supplier_discount
39,2027,4,67,restaurant,inspection
39,2027,4,73,retail,staff_left
39,2027,4,80,retail,inspection
39,2027,4,88,restaurant,inspection
39,2027,4,88,restaurant,bad_reviews
40,2027,5,4,retail,raw_materials_up
40,2027,5,11,retail,rent_increase
40,2027,5,11,retail,supplier_discount
40,2027,5,16,restaurant,bad_reviews
40,2027,5,19,restaurant,competitor_appeared
40,2027,5,19,restaurant,staff_left
40,2027,5,19,restaurant,raw_materials_up
40,2027,5,23,retail,bad_reviews
40,2027,5,28,restaurant,new_law
40,2027,5,28,restaurant,inspection
40,2027,5,37,restaurant,staff_left
40,2027,5,37,restaurant,raw_materials_up
40,2027,5,41,retail,competitor_closed
40,2027,5,45,restaurant,bad_reviews
40,2027,5,48,retail,staff_left
40,2027,5,49,restaurant,staff_left
40,2027,5,49,restaurant,raw_materials_up
40,2027,5,49,restaurant,bad_reviews
40,2027,5,52,retail,equipment_breakdown
40,2027,5,53,retail,rent_increase
40,2027,5,57,restaurant,bad_reviews
40,2027,5,58,retail,competitor_appeared
40,2027,5,65,restaurant,equipment_breakdown
40,2027,5,67,restaurant,inspection
40,2027,5,73,retail,rent_increase
40,2027,5,77,autoservice,staff_left
40,2027,5,77,autoservice,key_rate_down
40,2027,5,80,retail,competitor_closed
40,2027,5,80,retail,staff_left
40,2027,5,80,retail,bad_reviews
40,2027,5,89,retail,inspection
40,2027,5,93,restaurant,bad_reviews
41,2027,6,11,retail,competitor_appeared
41,2027,6,11,retail,inspection
41,2027,6,15,retail,viral_marketing
41,2027,6,15,retail,equipment_breakdown
41,2027,6,16,restaurant,bad_reviews
41,2027,6,16,restaurant,good_season_boost
41,2027,6,23,retail,equipment_breakdown
41,2027,6,25,restaurant,viral_marketing
41,2027,6,28,restaurant,bad_reviews
41,2027,6,37,restaurant,viral_marketing
41,2027,6,37,restaurant,supplier_discount
41,2027,6,41,retail,rent_increase
41,2027,6,41,retail,bad_reviews
41,2027,6,41,retail,key_rate_down
41,2027,6,42,retail,inspection
41,2027,6,42,retail,bad_reviews
41,2027,6,45,restaurant,competitor_appeared
41,2027,6,46,retail,competitor_appeared
41,2027,6,46,retail,staff_left
41,2027,6,46,retail,equipment_breakdown
41,2027,6,48,retail,equipment_breakdown
41,2027,6,49,restaurant,rent_increase
41,2027,6,49,restaurant,raw_materials_up
41,2027,6,49,restaurant,viral_marketing
41,2027,6,58,retail,good_season_boost
41,2027,6,64,retail,inspection
41,2027,6,64,retail,equipment_breakdown
41,2027,6,65,restaurant,competitor_closed
41,2027,6,65,restaurant,rent_increase
41,2027,6,65,restaurant,equipment_breakdown
41,2027,6,73,retail,rent_increase
41,2027,6,80,retail,competitor_appeared
41,2027,6,86,retail,inspection
41,2027,6,88,restaurant,rent_increase
41,2027,6,93,restaurant,good_season_boost
42,2027,7,4,retail,staff_left
42,2027,7,11,retail,competitor_appeared
42,2027,7,11,retail,staff_left
42,2027,7,11,retail,viral_marketing
42,2027,7,11,retail,equipment_breakdown
42,2027,7,12,restaurant,staff_left
42,2027,7,12,restaurant,key_rate_down
42,2027,7,15,retail,raw_materials_up
42,2027,7,15,retail,equipment_breakdown
42,2027,7,15,retail,supplier_discount
42,2027,7,16,restaurant,got_investment
42,2027,7,16,restaurant,good_season_boost
42,2027,7,23,retail,staff_left
42,2027,7,28,restaurant,inspection
42,2027,7,48,retail,rent_increase
42,2027,7,48,retail,viral_marketing
42,2027,7,53,retail,rent_increase
42,2027,7,53,retail,new_law
42,2027,7,56,restaurant,rent_increase
42,2027,7,58,retail,rent_increase
42,2027,7,64,retail,inspection
42,2027,7,67,restaurant,bad_reviews
42,2027,7,73,retail,competitor_closed
42,2027,7,77,autoservice,good_season_boost
42,2027,7,80,retail,competitor_closed
42,2027,7,80,retail,rent_increase
42,2027,7,89,retail,new_law
43,2027,8,4,retail,new_law
43,2027,8,11,retail,inspection
43,2027,8,15,retail,viral_marketing
43,2027,8,15,retail,equipment_breakdown
43,2027,8,15,retail,supplier_discount
43,2027,8,25,restaurant,competitor_appeared
43,2027,8,41,retail,viral_marketing
43,2027,8,45,restaurant,bad_reviews
43,2027,8,46,retail,staff_left
43,2027,8,49,restaurant,rent_increase
43,2027,8,49,restaurant,equipment_breakdown
43,2027,8,52,retail,equipment_breakdown
43,2027,8,56,restaurant,bad_reviews
43,2027,8,58,retail,competitor_closed
43,2027,8,65,restaurant,rent_increase
43,2027,8,73,retail,raw_materials_up
43,2027,8,73,retail,supplier_discount
43,2027,8,77,autoservice,good_season_boost
43,2027,8,80,retail,rent_increase
43,2027,8,86,retail,rent_increase
43,2027,8,89,retail,bad_reviews
43,2027,8,89,retail,supplier_discount
43,2027,8,93,restaurant,competitor_appeared
44,2027,9,4,retail,rent_increase
44,2027,9,4,retail,raw_materials_up
44,2027,9,4,retail,got_investment
44,2027,9,12,restaurant,staff_left
44,2027,9,12,restaurant,rent_increase
44,2027,9,15,retail,competitor_closed
44,2027,9,15,retail,new_law
44,2027,9,16,restaurant,tax_hike
44,2027,9,19,restaurant,rent_increase
44,2027,9,41,retail,competitor_appeared
44,2027,9,46,retail,competitor_appeared
44,2027,9,46,retail,viral_marketing
44,2027,9,56,restaurant,competitor_appeared
44,2027,9,64,retail,good_season_boost
44,2027,9,65,restaurant,rent_increase
44,2027,9,65,restaurant,inspection
44,2027,9,73,retail,new_law
44,2027,9,80,retail,staff_left
45,2027,10,4,retail,staff_left
45,2027,10,4,retail,good_season_boost
45,2027,10,11,retail,key_rate_down
45,2027,10,12,restaurant,equipment_breakdown
45,2027,10,19,restaurant,staff_left
45,2027,10,41,retail,equipment_breakdown
45,2027,10,45,restaurant,competitor_closed
45,2027,10,45,restaurant,got_investment
45,2027,10,46,retail,good_season_boost
45,2027,10,52,retail,bad_reviews
45,2027,10,56,restaurant,competitor_appeared
45,2027,10,56,restaurant,raw_materials_up
45,2027,10,64,retail,raw_materials_up
45,2027,10,64,retail,good_season_boost
45,2027,10,65,restaurant,inspection
45,2027,10,67,restaurant,viral_marketing
45,2027,10,67,restaurant,equipment_breakdown
45,2027,10,73,retail,competitor_appeared
45,2027,10,73,retail,staff_left
45,2027,10,86,retail,raw_materials_up
45,2027,10,89,retail,equipment_breakdown
45,2027,10,93,restaurant,bad_reviews
46,2027,11,4,retail,competitor_appeared
46,2027,11,4,retail,staff_left
46,2027,11,16,restaurant,staff_left
46,2027,11,28,restaurant,good_season_boost
46,2027,11,41,retail,raw_materials_up
46,2027,11,41,retail,good_season_boost
46,2027,11,41,retail,supplier_discount
46,2027,11,46,retail,staff_left
46,2027,11,49,restaurant,supplier_discount
46,2027,11,52,retail,competitor_appeared
46,2027,11,52,retail,inspection
46,2027,11,58,retail,good_season_boost
46,2027,11,64,retail,competitor_closed
46,2027,11,64,retail,rent_increase
46,2027,11,65,restaurant,bad_reviews
46,2027,11,73,retail,staff_left
46,2027,11,73,retail,rent_increase
46,2027,11,80,retail,competitor_closed
46,2027,11,86,retail,key_rate_down
46,2027,11,89,retail,bad_reviews
47,2027,12,4,retail,competitor_closed
47,2027,12,11,retail,staff_left
47,2027,12,11,retail,equipment_breakdown
47,2027,12,12,restaurant,rent_increase
47,2027,12,12,restaurant,viral_marketing
47,2027,12,16,restaurant,key_rate_down
47,2027,12,19,restaurant,rent_increase
47,2027,12,19,restaurant,got_investment
47,2027,12,25,restaurant,viral_marketing
47,2027,12,45,restaurant,competitor_appeared
47,2027,12,45,restaurant,good_season_boost
47,2027,12,48,retail,competitor_appeared
47,2027,12,48,retail,rent_increase
47,2027,12,48,retail,raw_materials_up
47,2027,12,49,restaurant,rent_increase
47,2027,12,49,restaurant,raw_materials_up
47,2027,12,52,retail,competitor_appeared
47,2027,12,64,retail,rent_increase
47,2027,12,67,restaurant,competitor_appeared
47,2027,12,67,restaurant,competitor_closed
47,2027,12,80,retail,rent_increase
47,2027,12,86,retail,inspection
48,2028,1,19,restaurant,supplier_discount
48,2028,1,25,restaurant,staff_left
48,2028,1,25,restaurant,equipment_breakdown
48,2028,1,28,restaurant,raw_materials_up
48,2028,1,41,retail,bad_reviews
48,2028,1,45,restaurant,viral_marketing
48,2028,1,45,restaurant,equipment_breakdown
48,2028,1,46,retail,inspection
48,2028,1,46,retail,bad_reviews
48,2028,1,48,retail,competitor_appeared
48,2028,1,49,restaurant,supplier_discount
48,2028,1,56,restaurant,equipment_breakdown
48,2028,1,65,restaurant,rent_increase
48,2028,1,67,restaurant,competitor_appeared
48,2028,1,86,retail,good_season_boost
48,2028,1,93,restaurant,good_season_boost
49,2028,2,4,retail,competitor_closed
49,2028,2,12,restaurant,tax_hike
49,2028,2,16,restaurant,staff_left
49,2028,2,16,restaurant,inspection
49,2028,2,16,restaurant,equipment_breakdown
49,2028,2,19,restaurant,raw_materials_up
49,2028,2,28,restaurant,supplier_discount
49,2028,2,41,retail,viral_marketing
49,2028,2,45,restaurant,tax_hike
49,2028,2,46,retail,viral_marketing
49,2028,2,52,retail,equipment_breakdown
49,2028,2,64,retail,competitor_appeared
49,2028,2,64,retail,good_season_boost
49,2028,2,73,retail,good_season_boost
49,2028,2,86,retail,raw_materials_up
49,2028,2,89,retail,equipment_breakdown
50,2028,3,4,retail,got_grant
50,2028,3,11,retail,bad_reviews
50,2028,3,23,retail,competitor_appeared
50,2028,3,25,restaurant,tax_hike
50,2028,3,45,restaurant,raw_materials_up
50,2028,3,45,restaurant,new_law
50,2028,3,45,restaurant,viral_marketing
50,2028,3,46,retail,raw_materials_up
50,2028,3,46,retail,bad_reviews
50,2028,3,52,retail,flood
50,2028,3,52,retail,tax_hike
50,2028,3,52,retail,inspection
50,2028,3,52,retail,equipment_breakdown
50,2028,3,64,retail,competitor_closed
50,2028,3,80,retail,viral_marketing
50,2028,3,89,retail,staff_left
50,2028,3,89,retail,viral_marketing
50,2028,3,93,restaurant,rent_increase
50,2028,3,93,restaurant,got_investment
51,2028,4,12,restaurant,competitor_appeared
51,2028,4,16,restaurant,bad_reviews
51,2028,4,19,restaurant,equipment_breakdown
51,2028,4,23,retail,inspection
51,2028,4,23,retail,key_rate_down
51,2028,4,25,restaurant,raw_materials_up
51,2028,4,41,retail,new_law
51,2028,4,45,restaurant,rent_increase
51,2028,4,45,restaurant,raw_materials_up
51,2028,4,45,restaurant,tax_hike
51,2028,4,45,restaurant,inspection
51,2028,4,46,retail,rent_increase
51,2028,4,48,retail,inspection
51,2028,4,58,retail,raw_materials_up
51,2028,4,64,retail,raw_materials_up
51,2028,4,67,restaurant,got_investment
51,2028,4,73,retail,rent_increase
51,2028,4,80,retail,staff_left
51,2028,4,86,retail,rent_increase
51,2028,4,89,retail,equipment_breakdown
52,2028,5,4,retail,competitor_appeared
52,2028,5,4,retail,raw_materials_up
52,2028,5,4,retail,equipment_breakdown
52,2028,5,16,restaurant,rent_increase
52,2028,5,19,restaurant,competitor_closed
52,2028,5,19,restaurant,equipment_breakdown
52,2028,5,19,restaurant,good_season_boost
52,2028,5,23,retail,competitor_appeared
52,2028,5,28,restaurant,good_season_boost
52,2028,5,41,retail,tax_hike
52,2028,5,41,retail,viral_marketing
52,2028,5,41,retail,got_investment
52,2028,5,48,retail,competitor_closed
52,2028,5,48,retail,raw_materials_up
52,2028,5,48,retail,got_grant
52,2028,5,52,retail,rent_increase
52,2028,5,58,retail,good_season_boost
52,2028,5,65,restaurant,raw_materials_up
52,2028,5,65,restaurant,inspection
52,2028,5,67,restaurant,tax_hike
52,2028,5,73,retail,bad_reviews
52,2028,5,80,retail,viral_marketing
52,2028,5,93,restaurant,raw_materials_up
52,2028,5,93,restaurant,good_season_boost
53,2028,6,4,retail,good_season_boost
53,2028,6,12,restaurant,got_grant
53,2028,6,16,restaurant,raw_materials_up
53,2028,6,16,restaurant,viral_marketing
53,2028,6,23,retail,competitor_appeared
53,2028,6,23,retail,got_investment
53,2028,6,25,restaurant,competitor_appeared
53,2028,6,28,restaurant,bad_reviews
53,2028,6,28,restaurant,equipment_breakdown
53,2028,6,41,retail,rent_increase
53,2028,6,46,retail,staff_left
53,2028,6,48,retail,rent_increase
53,2028,6,52,retail,raw_materials_up
53,2028,6,58,retail,raw_materials_up
53,2028,6,64,retail,new_law
53,2028,6,65,restaurant,rent_increase
53,2028,6,73,retail,competitor_appeared
53,2028,6,73,retail,raw_materials_up
53,2028,6,93,restaurant,rent_increase
53,2028,6,93,restaurant,viral_marketing
54,2028,7,4,retail,raw_materials_up
54,2028,7,12,restaurant,competitor_closed
54,2028,7,28,restaurant,competitor_appeared
54,2028,7,28,restaurant,good_season_boost
54,2028,7,52,retail,competitor_closed
54,2028,7,52,retail,bad_reviews
54,2028,7,58,retail,equipment_breakdown
54,2028,7,58,retail,good_season_boost
54,2028,7,67,restaurant,competitor_closed
54,2028,7,80,retail,inspection
54,2028,7,89,retail,competitor_closed
54,2028,7,93,restaurant,supplier_discount
55,2028,8,4,retail,equipment_breakdown
55,2028,8,16,restaurant,competitor_closed
55,2028,8,16,restaurant,equipment_breakdown
55,2028,8,19,restaurant,supplier_discount
55,2028,8,23,retail,new_law
55,2028,8,23,retail,equipment_breakdown
55,2028,8,25,restaurant,viral_marketing
55,2028,8,28,restaurant,competitor_appeared
55,2028,8,28,restaurant,staff_left
55,2028,8,41,retail,competitor_appeared
55,2028,8,41,retail,rent_increase
55,2028,8,46,retail,got_investment
55,2028,8,46,retail,good_season_boost
55,2028,8,56,restaurant,equipment_breakdown
55,2028,8,58,retail,staff_left
55,2028,8,58,retail,raw_materials_up
55,2028,8,64,retail,staff_left
55,2028,8,65,restaurant,pandemic_shock
55,2028,8,65,restaurant,viral_marketing
55,2028,8,67,restaurant,competitor_appeared
55,2028,8,67,restaurant,bad_reviews
55,2028,8,73,retail,bad_reviews
55,2028,8,80,retail,inspection
55,2028,8,86,retail,staff_left
55,2028,8,89,retail,inspection
55,2028,8,93,restaurant,competitor_closed
56,2028,9,12,restaurant,competitor_appeared
56,2028,9,12,restaurant,raw_materials_up
56,2028,9,12,restaurant,pandemic_shock
56,2028,9,16,restaurant,got_grant
56,2028,9,19,restaurant,staff_left
56,2028,9,19,restaurant,viral_marketing
56,2028,9,23,retail,tax_hike
56,2028,9,25,restaurant,supplier_discount
56,2028,9,28,restaurant,competitor_appeared
56,2028,9,28,restaurant,competitor_closed
56,2028,9,28,restaurant,new_law
56,2028,9,41,retail,competitor_appeared
56,2028,9,46,retail,inspection
56,2028,9,52,retail,inspection
56,2028,9,56,restaurant,competitor_appeared
56,2028,9,56,restaurant,tax_hike
56,2028,9,64,retail,staff_left
56,2028,9,64,retail,bad_reviews
56,2028,9,65,restaurant,key_rate_down
56,2028,9,67,restaurant,competitor_appeared
56,2028,9,73,retail,good_season_boost
56,2028,9,86,retail,inspection
56,2028,9,86,retail,good_season_boost
56,2028,9,89,retail,rent_increase
56,2028,9,93,restaurant,got_investment
57,2028,10,4,retail,key_rate_down
57,2028,10,4,retail,good_season_boost
57,2028,10,12,restaurant,raw_materials_up
57,2028,10,12,restaurant,supplier_discount
57,2028,10,19,restaurant,staff_left
57,2028,10,19,restaurant,bad_reviews
57,2028,10,25,restaurant,raw_materials_up
57,2028,10,25,restaurant,bad_reviews
57,2028,10,41,retail,rent_increase
57,2028,10,41,retail,equipment_breakdown
57,2028,10,46,retail,competitor_appeared
57,2028,10,46,retail,raw_materials_up
57,2028,10,46,retail,viral_marketing
57,2028,10,52,retail,competitor_closed
57,2028,10,64,retail,competitor_closed
57,2028,10,64,retail,raw_materials_up
57,2028,10,67,restaurant,raw_materials_up
57,2028,10,67,restaurant,equipment_breakdown
57,2028,10,73,retail,pandemic_shock
57,2028,10,73,retail,inspection
57,2028,10,86,retail,competitor_closed
57,2028,10,86,retail,got_investment
57,2028,10,89,retail,new_law
58,2028,11,16,restaurant,bad_reviews
58,2028,11,19,restaurant,competitor_appeared
58,2028,11,19,restaurant,equipment_breakdown
58,2028,11,28,restaurant,got_investment
58,2028,11,41,retail,competitor_appeared
58,2028,11,41,retail,key_rate_down
58,2028,11,58,retail,viral_marketing
58,2028,11,65,restaurant,equipment_breakdown
58,2028,11,67,restaurant,competitor_appeared
58,2028,11,67,restaurant,raw_materials_up
58,2028,11,73,retail,raw_materials_up
58,2028,11,86,retail,good_season_boost
58,2028,11,89,retail,equipment_breakdown
58,2028,11,93,restaurant,staff_left
58,2028,11,93,restaurant,got_investment
59,2028,12,23,retail,competitor_closed
59,2028,12,23,retail,equipment_breakdown
59,2028,12,41,retail,competitor_closed
59,2028,12,46,retail,competitor_closed
59,2028,12,46,retail,bad_reviews
59,2028,12,48,retail,inspection
59,2028,12,52,retail,supplier_discount
59,2028,12,56,restaurant,staff_left
59,2028,12,56,restaurant,raw_materials_up
59,2028,12,56,restaurant,inspection
59,2028,12,56,restaurant,viral_marketing
59,2028,12,64,retail,competitor_closed
59,2028,12,65,restaurant,equipment_breakdown
59,2028,12,65,restaurant,good_season_boost
59,2028,12,93,restaurant,inspection
59,2028,12,93,restaurant,key_rate_down
60,2029,1,4,retail,viral_marketing
60,2029,1,12,restaurant,equipment_breakdown
60,2029,1,19,restaurant,competitor_closed
60,2029,1,19,restaurant,bad_reviews
60,2029,1,23,retail,competitor_closed
60,2029,1,28,restaurant,raw_materials_up
60,2029,1,41,retail,rent_increase
60,2029,1,41,retail,equipment_breakdown
60,2029,1,46,retail,competitor_closed
60,2029,1,52,retail,rent_increase
60,2029,1,56,restaurant,staff_left
60,2029,1,64,retail,bad_reviews
60,2029,1,86,retail,inspection
60,2029,1,93,restaurant,rent_increase
60,2029,1,93,restaurant,raw_materials_up
60,2029,1,93,restaurant,bad_reviews
61,2029,2,4,retail,competitor_appeared
61,2029,2,12,restaurant,got_grant
61,2029,2,12,restaurant,good_season_boost
61,2029,2,23,retail,tax_hike
61,2029,2,58,retail,got_investment
61,2029,2,93,restaurant,tax_hike
61,2029,2,93,restaurant,bad_reviews
62,2029,3,4,retail,new_law
62,2029,3,12,restaurant,bad_reviews
62,2029,3,19,restaurant,competitor_appeared
62,2029,3,23,retail,bad_reviews
62,2029,3,48,retail,tax_hike
62,2029,3,48,retail,bad_reviews
62,2029,3,48,retail,key_rate_down
62,2029,3,52,retail,rent_increase
62,2029,3,52,retail,bad_reviews
62,2029,3,56,restaurant,equipment_breakdown
62,2029,3,64,retail,got_grant
62,2029,3,67,restaurant,good_season_boost
62,2029,3,89,retail,competitor_appeared
62,2029,3,89,retail,raw_materials_up
62,2029,3,89,retail,good_season_boost
63,2029,4,12,restaurant,staff_left
63,2029,4,23,retail,rent_increase
63,2029,4,23,retail,tax_hike
63,2029,4,48,retail,competitor_closed
63,2029,4,48,retail,supplier_discount
63,2029,4,52,retail,raw_materials_up
63,2029,4,52,retail,key_rate_down
63,2029,4,52,retail,good_season_boost
63,2029,4,58,retail,new_law
63,2029,4,67,restaurant,competitor_appeared
63,2029,4,67,restaurant,rent_increase
63,2029,4,67,restaurant,bad_reviews
63,2029,4,86,retail,competitor_closed
64,2029,5,19,restaurant,raw_materials_up
64,2029,5,23,retail,competitor_appeared
64,2029,5,23,retail,pandemic_shock
64,2029,5,41,retail,competitor_appeared
64,2029,5,46,retail,tax_hike
64,2029,5,48,retail,raw_materials_up
64,2029,5,48,retail,viral_marketing
64,2029,5,52,retail,good_season_boost
64,2029,5,58,retail,competitor_appeared
64,2029,5,86,retail,equipment_breakdown
65,2029,6,19,restaurant,raw_materials_up
65,2029,6,23,retail,raw_materials_up
65,2029,6,28,restaurant,new_law
65,2029,6,28,restaurant,inspection
65,2029,6,28,restaurant,good_season_boost
65,2029,6,41,retail,staff_left
65,2029,6,46,retail,competitor_closed
65,2029,6,56,restaurant,good_season_boost
65,2029,6,58,retail,rent_increase
65,2029,6,67,restaurant,competitor_closed
65,2029,6,67,restaurant,raw_materials_up
65,2029,6,89,retail,viral_marketing
65,2029,6,93,restaurant,supplier_discount
66,2029,7,4,retail,got_grant
66,2029,7,19,restaurant,competitor_appeared
66,2029,7,23,retail,viral_marketing
66,2029,7,28,restaurant,equipment_breakdown
66,2029,7,46,retail,competitor_appeared
66,2029,7,56,restaurant,inspection
66,2029,7,56,restaurant,equipment_breakdown
66,2029,7,58,retail,bad_reviews
66,2029,7,86,retail,competitor_appeared
66,2029,7,93,restaurant,inspection
67,2029,8,4,retail,rent_increase
67,2029,8,19,restaurant,bad_reviews
67,2029,8,23,retail,competitor_closed
67,2029,8,23,retail,good_season_boost
67,2029,8,23,retail,supplier_discount
67,2029,8,28,restaurant,got_investment
67,2029,8,48,retail,viral_marketing
67,2029,8,48,retail,supplier_discount
67,2029,8,58,retail,key_rate_down
67,2029,8,64,retail,viral_marketing
68,2029,9,19,restaurant,competitor_closed
68,2029,9,19,restaurant,good_season_boost
68,2029,9,23,retail,staff_left
68,2029,9,28,restaurant,competitor_appeared
68,2029,9,28,restaurant,rent_increase
68,2029,9,46,retail,rent_increase
68,2029,9,48,retail,staff_left
68,2029,9,48,retail,rent_increase
68,2029,9,48,retail,raw_materials_up
68,2029,9,48,retail,bad_reviews
68,2029,9,52,retail,good_season_boost
68,2029,9,56,restaurant,got_investment
68,2029,9,58,retail,competitor_appeared
68,2029,9,58,retail,equipment_breakdown
68,2029,9,67,restaurant,raw_materials_up
68,2029,9,93,restaurant,rent_increase
68,2029,9,93,restaurant,raw_materials_up
68,2029,9,93,restaurant,inspection
69,2029,10,19,restaurant,raw_materials_up
69,2029,10,41,retail,new_law
69,2029,10,52,retail,good_season_boost
69,2029,10,58,retail,bad_reviews
69,2029,10,64,retail,bad_reviews
69,2029,10,64,retail,got_grant
69,2029,10,64,retail,good_season_boost
69,2029,10,89,retail,new_law
69,2029,10,93,restaurant,competitor_closed
69,2029,10,93,restaurant,rent_increase
69,2029,10,93,restaurant,raw_materials_up
70,2029,11,19,restaurant,competitor_closed
70,2029,11,19,restaurant,rent_increase
70,2029,11,19,restaurant,got_investment
70,2029,11,56,restaurant,competitor_closed
70,2029,11,64,retail,raw_materials_up
70,2029,11,86,retail,raw_materials_up
71,2029,12,4,retail,rent_increase
71,2029,12,4,retail,inspection
71,2029,12,4,retail,got_investment
71,2029,12,19,restaurant,staff_left
71,2029,12,19,restaurant,got_grant
71,2029,12,23,retail,pandemic_shock
71,2029,12,28,restaurant,flood
71,2029,12,48,retail,supplier_discount
71,2029,12,52,retail,competitor_closed
71,2029,12,52,retail,tax_hike
71,2029,12,86,retail,raw_materials_up
71,2029,12,89,retail,competitor_appeared
71,2029,12,89,retail,raw_materials_up
71,2029,12,89,retail,flood
72,2030,1,23,retail,competitor_appeared
72,2030,1,93,restaurant,viral_marketing
72,2030,1,93,restaurant,supplier_discount
73,2030,2,89,retail,rent_increase
74,2030,3,19,restaurant,inspection
74,2030,3,23,retail,competitor_appeared
74,2030,3,23,retail,raw_materials_up
74,2030,3,28,restaurant,rent_increase
74,2030,3,64,retail,key_rate_down
74,2030,3,86,retail,equipment_breakdown
74,2030,3,89,retail,new_law
74,2030,3,93,restaurant,flood
75,2030,4,19,restaurant,bad_reviews
75,2030,4,23,retail,competitor_appeared
75,2030,4,23,retail,viral_marketing
75,2030,4,23,retail,supplier_discount
75,2030,4,28,restaurant,competitor_appeared
75,2030,4,28,restaurant,viral_marketing
75,2030,4,58,retail,competitor_closed
75,2030,4,64,retail,supplier_discount
75,2030,4,86,retail,staff_left
75,2030,4,86,retail,rent_increase
75,2030,4,86,retail,raw_materials_up
75,2030,4,93,restaurant,inspection
76,2030,5,19,restaurant,competitor_appeared
76,2030,5,19,restaurant,equipment_breakdown
76,2030,5,23,retail,viral_marketing
76,2030,5,23,retail,good_season_boost
76,2030,5,58,retail,tax_hike
76,2030,5,86,retail,raw_materials_up
76,2030,5,86,retail,got_grant
76,2030,5,89,retail,competitor_closed
76,2030,5,89,retail,raw_materials_up
76,2030,5,93,restaurant,staff_left
76,2030,5,93,restaurant,new_law
77,2030,6,19,restaurant,good_season_boost
77,2030,6,56,restaurant,staff_left
77,2030,6,86,retail,rent_increase
77,2030,6,86,retail,raw_materials_up
77,2030,6,86,retail,tax_hike
77,2030,6,93,restaurant,competitor_closed
77,2030,6,93,restaurant,new_law
78,2030,7,19,restaurant,staff_left
78,2030,7,23,retail,inspection
78,2030,7,28,restaurant,inspection
78,2030,7,28,restaurant,equipment_breakdown
78,2030,7,48,retail,staff_left
78,2030,7,56,restaurant,raw_materials_up
78,2030,7,58,retail,got_grant
78,2030,7,64,retail,got_investment
78,2030,7,86,retail,competitor_closed
78,2030,7,86,retail,raw_materials_up
78,2030,7,86,retail,pandemic_shock
79,2030,8,4,retail,got_grant
79,2030,8,23,retail,competitor_appeared
79,2030,8,28,restaurant,competitor_appeared
79,2030,8,28,restaurant,rent_increase
79,2030,8,28,restaurant,new_law
79,2030,8,48,retail,new_law
79,2030,8,52,retail,staff_left
79,2030,8,64,retail,competitor_closed
79,2030,8,86,retail,staff_left
79,2030,8,93,restaurant,rent_increase
79,2030,8,93,restaurant,bad_reviews
80,2030,9,28,restaurant,competitor_appeared
80,2030,9,28,restaurant,rent_increase
80,2030,9,28,restaurant,supplier_discount
80,2030,9,48,retail,viral_marketing
80,2030,9,52,retail,competitor_closed
80,2030,9,56,restaurant,raw_materials_up
80,2030,9,64,retail,competitor_appeared
80,2030,9,64,retail,raw_materials_up
80,2030,9,86,retail,key_rate_down
80,2030,9,89,retail,competitor_appeared
80,2030,9,89,retail,bad_reviews
80,2030,9,89,retail,good_season_boost
80,2030,9,89,retail,supplier_discount
81,2030,10,4,retail,raw_materials_up
81,2030,10,56,restaurant,competitor_closed
81,2030,10,56,restaurant,rent_increase
81,2030,10,64,retail,equipment_breakdown
81,2030,10,89,retail,competitor_appeared
81,2030,10,93,restaurant,competitor_closed
81,2030,10,93,restaurant,supplier_discount
82,2030,11,4,retail,staff_left
82,2030,11,4,retail,key_rate_down
82,2030,11,4,retail,equipment_breakdown
82,2030,11,23,retail,supplier_discount
82,2030,11,48,retail,new_law
82,2030,11,56,restaurant,tax_hike
82,2030,11,56,restaurant,viral_marketing
82,2030,11,58,retail,competitor_appeared
82,2030,11,86,retail,rent_increase
82,2030,11,86,retail,new_law
82,2030,11,86,retail,inspection
82,2030,11,86,retail,bad_reviews
82,2030,11,86,retail,good_season_boost
82,2030,11,93,restaurant,flood
83,2030,12,48,retail,raw_materials_up
83,2030,12,48,retail,inspection
83,2030,12,52,retail,competitor_appeared
83,2030,12,56,restaurant,bad_reviews
83,2030,12,64,retail,competitor_appeared
83,2030,12,86,retail,staff_left
83,2030,12,86,retail,raw_materials_up
84,2031,1,28,restaurant,tax_hike
84,2031,1,48,retail,raw_materials_up
84,2031,1,52,retail,new_law
84,2031,1,56,restaurant,competitor_appeared
84,2031,1,56,restaurant,raw_materials_up
84,2031,1,64,retail,inspection
84,2031,1,89,retail,competitor_appeared
84,2031,1,89,retail,pandemic_shock
84,2031,1,93,restaurant,new_law
85,2031,2,48,retail,raw_materials_up
85,2031,2,52,retail,flood
85,2031,2,52,retail,new_law
85,2031,2,56,restaurant,key_rate_down
85,2031,2,93,restaurant,raw_materials_up
85,2031,2,93,restaurant,bad_reviews
86,2031,3,4,retail,bad_reviews
86,2031,3,48,retail,new_law
86,2031,3,48,retail,bad_reviews
86,2031,3,48,retail,good_season_boost
86,2031,3,64,retail,bad_reviews
86,2031,3,64,retail,supplier_discount
86,2031,3,93,restaurant,raw_materials_up
87,2031,4,28,restaurant,competitor_closed
87,2031,4,48,retail,viral_marketing
87,2031,4,52,retail,inspection
87,2031,4,64,retail,equipment_breakdown
87,2031,4,86,retail,raw_materials_up
87,2031,4,86,retail,new_law
87,2031,4,93,restaurant,competitor_appeared
87,2031,4,93,restaurant,rent_increase
87,2031,4,93,restaurant,new_law
87,2031,4,93,restaurant,good_season_boost
88,2031,5,4,retail,competitor_appeared
88,2031,5,4,retail,competitor_closed
88,2031,5,52,retail,viral_marketing
88,2031,5,56,restaurant,competitor_appeared
88,2031,5,64,retail,bad_reviews
89,2031,6,28,restaurant,raw_materials_up
89,2031,6,52,retail,bad_reviews
89,2031,6,56,restaurant,raw_materials_up
89,2031,6,64,retail,inspection
90,2031,7,4,retail,raw_materials_up
90,2031,7,28,restaurant,got_investment
90,2031,7,86,retail,competitor_appeared
90,2031,7,93,restaurant,staff_left
90,2031,7,93,restaurant,bad_reviews
90,2031,7,93,restaurant,viral_marketing
90,2031,7,93,restaurant,equipment_breakdown
91,2031,8,28,restaurant,competitor_appeared
91,2031,8,28,restaurant,bad_reviews
91,2031,8,52,retail,tax_hike
91,2031,8,52,retail,good_season_boost
91,2031,8,56,restaurant,got_grant
91,2031,8,56,restaurant,good_season_boost
91,2031,8,64,retail,got_grant
91,2031,8,86,retail,competitor_appeared
91,2031,8,86,retail,raw_materials_up
92,2031,9,4,retail,supplier_discount
92,2031,9,28,restaurant,raw_materials_up
92,2031,9,48,retail,bad_reviews
92,2031,9,48,retail,supplier_discount
92,2031,9,52,retail,bad_reviews
92,2031,9,56,restaurant,competitor_closed
92,2031,9,56,restaurant,equipment_breakdown
92,2031,9,86,retail,bad_reviews
92,2031,9,93,restaurant,competitor_appeared
92,2031,9,93,restaurant,equipment_breakdown
93,2031,10,4,retail,raw_materials_up
93,2031,10,52,retail,raw_materials_up
93,2031,10,64,retail,competitor_appeared
93,2031,10,93,restaurant,staff_left
94,2031,11,4,retail,tax_hike
94,2031,11,48,retail,viral_marketing
94,2031,11,48,retail,got_grant
94,2031,11,52,retail,competitor_closed
94,2031,11,56,restaurant,inspection
94,2031,11,56,restaurant,equipment_breakdown
94,2031,11,93,restaurant,pandemic_shock
94,2031,11,93,restaurant,inspection
95,2031,12,48,retail,new_law
95,2031,12,52,retail,new_law
95,2031,12,64,retail,bad_reviews
95,2031,12,86,retail,equipment_breakdown
96,2032,1,52,retail,raw_materials_up
96,2032,1,86,retail,competitor_closed
96,2032,1,86,retail,staff_left
96,2032,1,93,restaurant,bad_reviews
96,2032,1,93,restaurant,good_season_boost
97,2032,2,86,retail,pandemic_shock
97,2032,2,93,restaurant,good_season_boost
98,2032,3,4,retail,got_grant
98,2032,3,48,retail,got_grant
98,2032,3,52,retail,staff_left
98,2032,3,52,retail,bad_reviews
98,2032,3,52,retail,good_season_boost
98,2032,3,64,retail,viral_marketing
98,2032,3,64,retail,supplier_discount
98,2032,3,93,restaurant,rent_increase
99,2032,4,4,retail,new_law
99,2032,4,48,retail,equipment_breakdown
99,2032,4,64,retail,competitor_appeared
99,2032,4,64,retail,pandemic_shock
100,2032,5,48,retail,bad_reviews
100,2032,5,52,retail,key_rate_down
100,2032,5,52,retail,good_season_boost
100,2032,5,64,retail,viral_marketing
100,2032,5,93,restaurant,equipment_breakdown
101,2032,6,4,retail,competitor_appeared
101,2032,6,4,retail,supplier_discount
101,2032,6,48,retail,raw_materials_up
101,2032,6,48,retail,key_rate_down
101,2032,6,52,retail,tax_hike
101,2032,6,64,retail,raw_materials_up
101,2032,6,64,retail,bad_reviews
101,2032,6,93,restaurant,staff_left
101,2032,6,93,restaurant,rent_increase
102,2032,7,48,retail,rent_increase
102,2032,7,48,retail,bad_reviews
102,2032,7,52,retail,staff_left
102,2032,7,64,retail,bad_reviews
102,2032,7,93,restaurant,raw_materials_up
102,2032,7,93,restaurant,good_season_boost
103,2032,8,48,retail,bad_reviews
103,2032,8,48,retail,key_rate_down
104,2032,9,4,retail,good_season_boost
104,2032,9,48,retail,staff_left
104,2032,9,48,retail,bad_reviews
104,2032,9,52,retail,competitor_appeared
104,2032,9,52,retail,good_season_boost
104,2032,9,93,restaurant,competitor_appeared
104,2032,9,93,restaurant,rent_increase
104,2032,9,93,restaurant,raw_materials_up
104,2032,9,93,restaurant,bad_reviews
104,2032,9,93,restaurant,supplier_discount
105,2032,10,52,retail,tax_hike
105,2032,10,93,restaurant,raw_materials_up
106,2032,11,48,retail,raw_materials_up
106,2032,11,52,retail,rent_increase
106,2032,11,52,retail,raw_materials_up
106,2032,11,52,retail,got_investment
107,2032,12,52,retail,competitor_appeared
107,2032,12,52,retail,raw_materials_up
107,2032,12,93,restaurant,raw_materials_up
108,2033,1,4,retail,competitor_closed
108,2033,1,93,restaurant,competitor_appeared
109,2033,2,4,retail,inspection
109,2033,2,48,retail,competitor_appeared
110,2033,3,4,retail,raw_materials_up
110,2033,3,48,retail,competitor_appeared
111,2033,4,4,retail,raw_materials_up
111,2033,4,48,retail,viral_marketing
111,2033,4,52,retail,competitor_appeared
111,2033,4,52,retail,equipment_breakdown
112,2033,5,4,retail,rent_increase
112,2033,5,4,retail,tax_hike
112,2033,5,48,retail,raw_materials_up
112,2033,5,48,retail,good_season_boost
113,2033,6,4,retail,staff_left
113,2033,6,4,retail,raw_materials_up
113,2033,6,4,retail,bad_reviews
113,2033,6,4,retail,good_season_boost
113,2033,6,52,retail,raw_materials_up
114,2033,7,48,retail,good_season_boost
114,2033,7,52,retail,staff_left
115,2033,8,48,retail,competitor_closed
116,2033,9,4,retail,new_law
116,2033,9,48,retail,rent_increase
116,2033,9,48,retail,key_rate_down
117,2033,10,48,retail,bad_reviews
118,2033,11,48,retail,got_investment
119,2033,12,48,retail,competitor_appeared
